studyid,lat,lon,region,ef_mean,ef_sd,log_ef,GEnZ,prec,temp,crop_cat,phtype,sand,clay,soc,cec,ph,bd,n,measmethod,irr,tillage,ndose,nsplitc,appc,fert_cat
1,36.016667,140.116667,AS,0.0108004983388704,0.00556454313452328,-4.52816300342849,K,1346.45864174284,14.0135059757479,vegetable,water,65,10,3.13,167.146031746032,5.9,0.92,2,unknown,unknown,unknown,200,1,unknown,UC
1,36.016667,140.116667,AS,0.00685049833887043,0.00525188785053571,-4.98343387915411,K,1346.45864174284,14.0135059757479,vegetable,water,65,10,3.13,167.146031746032,5.9,0.92,2,unknown,unknown,unknown,200,1,unknown,ASC
1,36.016667,140.116667,AS,0.0111504983388704,0.00559741726665637,-4.49627108800566,K,1346.45864174284,14.0135059757479,vegetable,water,65,10,3.13,167.146031746032,5.9,0.92,2,unknown,unknown,unknown,200,1,unknown,UM
2,36.016667,140.116667,AS,0.00258416389811739,0.00837265797758991,-5.95835326700925,K,1285,14,other,water,65,10,3.79149206349206,167.146031746032,5.9,0.56,3,unknown,unknown,unknown,120,1,unknown,AS
2,36.016667,140.116667,AS,0.00600083056478405,0.00847315769572411,-5.11585739187027,K,1285,14,other,water,65,10,3.79149206349206,167.146031746032,5.9,0.56,3,unknown,unknown,unknown,120,1,unknown,AS
2,36.016667,140.116667,AS,0.00587541528239203,0.00438748426741862,-5.13697853508548,K,1285,14,other,water,65,10,3.79149206349206,167.146031746032,5.9,0.56,3,unknown,unknown,unknown,240,1,unknown,AS
3,42.083333,-2.683333,EU,0.0257731958762887,0.0119363752159809,-3.65842024662923,H,738.165530028015,20.4,grass,water,34,29,6.05,243,6.6,1.21,3,unknown,unknown,unknown,97,1,broadcast,ASN
3,42.083333,-2.683333,EU,0.0131958762886598,0.0108420537116883,-4.32785090057186,H,738.165530028015,20.4,grass,water,34,29,6.05,243,6.6,1.21,3,unknown,unknown,unknown,97,1,broadcast,ASNC
4,-10.5,-62.5,SAm,0.0464285714285714,0.026112818744538,-3.06984024570771,R,2200,25.5,grass,water,65,10,2.98,139,5.94,1.46,3,unknown,unknown,yes,42,1,broadcast,AS
4,-10.5,-62.5,SAm,0.0427272727272727,0.0319697104826909,-3.1529178570764,R,2200,25.5,grass,water,65,10,2.98,139,5.84,1.46,3,unknown,unknown,no,33,1,broadcast,AS
5,40.533333,-3.283333,EU,0.0012,0.00572103899738763,-6.72543372218818,K,430,13.2,other,water,55,28,8.2,247,7.3,1.4,3,unknown,yes,unknown,175,1,unknown,AS
5,40.533333,-3.283333,EU,0.000571428571428571,0.00571715906858669,-7.46737106691756,K,430,13.2,other,water,55,28,8.2,247,7.3,1.4,3,unknown,yes,unknown,175,1,unknown,AS
6,39.05,-79.816667,NAm,0.00704225352112676,0.0283453416189127,-4.95582705760126,J,1450,3.5,other,kcl,65,10,17.56,406,4,1.21,3,unknown,unknown,unknown,35.5,1,unknown,AS
6,39.05,-79.816667,NAm,0.0216901408450704,0.0287084659838563,-3.83089746061578,J,1450,3.5,other,kcl,65,10,17.56,406,4,1.21,3,unknown,unknown,unknown,35.5,1,unknown,AS
6,44.866667,-68.1,NAm,0.00793650793650794,0.039725450220568,-4.83628190695148,G,1450,3.5,other,kcl,65,10,21.15,502,4,0.99,3,unknown,unknown,unknown,25.2,1,unknown,AS
6,44.866667,-68.1,NAm,0.00198412698412698,0.0396857329726289,-6.22257626807137,G,1450,3.5,other,kcl,65,10,21.15,502,4,0.99,3,unknown,unknown,unknown,25.2,1,unknown,AS
7,51.5,-0.116667,EU,0.00312603820598007,0.0104637132455109,-5.76798882505496,J,795.851736734653,10.3364944287158,grass,water,52,22,5.92431761786601,207.913151364764,4,0.717394540942928,3,unknown,unknown,unknown,96,1,unknown,AS
7,51.5,-0.116667,EU,0.000313538205980067,0.0104242083879217,-8.06758933616182,J,795.851736734653,10.3364944287158,grass,water,52,22,5.92431761786601,207.913151364764,5.9,0.717394540942928,3,unknown,unknown,unknown,96,1,unknown,AS
7,51.5,-0.116667,EU,1e-04,0.0104206011467156,-9.21034037197618,J,795.851736734653,10.3364944287158,grass,water,52,22,5.92431761786601,207.913151364764,7.6,0.717394540942928,3,unknown,unknown,unknown,96,1,unknown,AS
8,31.366667,119.7833335,AS,1e-04,0.0100026070225679,-9.21034037197618,K,1245.92760520146,25,other,water,7.3,51,0.969,122.271523178808,4,0.839701986754967,3,unknown,unknown,unknown,100,1,unknown,U
8,31.366667,119.7833335,AS,1e-04,0.00500147793519258,-9.21034037197618,K,1245.92760520146,25,other,water,7.3,51,0.969,122.271523178808,4,0.839701986754967,3,unknown,unknown,unknown,200,1,unknown,U
8,31.366667,119.7833335,AS,1e-04,0.0100035482804135,-9.21034037197618,K,1245.92760520146,25,other,water,7.3,51,0.969,122.271523178808,4,0.839701986754967,3,unknown,unknown,unknown,100,1,unknown,O
8,31.366667,119.7833335,AS,3.5e-05,0.00500169067719657,-10.2601624964749,K,1245.92760520146,25,other,water,7.3,51,0.969,122.271523178808,4,0.839701986754967,3,unknown,unknown,unknown,200,1,unknown,O
8,31.366667,119.7833335,AS,1e-04,0.0100025113722263,-9.21034037197618,K,1245.92760520146,25,other,water,7.3,51,0.969,122.271523178808,4,0.839701986754967,3,unknown,unknown,unknown,100,1,unknown,AS
8,31.366667,119.7833335,AS,1e-04,0.00500118562364697,-9.21034037197618,K,1245.92760520146,25,other,water,7.3,51,0.969,122.271523178808,4,0.839701986754967,3,unknown,unknown,unknown,200,1,unknown,AS
9,39.685258,116.683975,AS,0.0220669988925803,0.00582054873070986,-3.81367204926562,K,575,11.9,cereal,water,35,35,1.88,206,7.5,1.36,3,unknown,yes,unknown,300,3,unknown,AN
9,39.685258,116.683975,AS,0.012033665559247,0.00425840585950226,-4.42004709389084,K,575,11.9,cereal,water,35,35,1.88,206,7.5,1.36,3,unknown,yes,unknown,300,3,unknown,AN
9,39.685258,116.683975,AS,0.028033665559247,0.00689275453064093,-3.57434914963882,K,575,11.9,cereal,water,35,35,1.88,206,7.5,1.36,3,unknown,yes,unknown,300,3,unknown,AN
9,39.685258,116.683975,AS,0.0119003322259136,0.00424091872916534,-4.43118896111036,K,575,11.9,cereal,water,35,35,1.88,206,7.5,1.36,3,unknown,yes,unknown,300,3,unknown,AS
9,39.685258,116.683975,AS,0.00646699889258029,0.00364430820037977,-5.04104312775934,K,575,11.9,cereal,water,35,35,1.88,206,7.5,1.36,3,unknown,yes,unknown,300,3,unknown,AS
9,39.685258,116.683975,AS,0.017633665559247,0.00508053641766595,-4.03794538817443,K,575,11.9,cereal,water,35,35,1.88,206,7.5,1.36,3,unknown,yes,unknown,300,3,unknown,AS
9,39.685258,116.683975,AS,0.0189003322259136,0.00528558050806691,-3.96857577898037,K,575,11.9,cereal,water,35,35,1.88,206,7.5,1.36,3,unknown,yes,unknown,300,3,unknown,UM
9,39.685258,116.683975,AS,0.00736699889258029,0.0037252962554121,-4.91074486160314,K,575,11.9,cereal,water,35,35,1.88,206,7.5,1.36,3,unknown,yes,unknown,300,3,unknown,UM
9,39.685258,116.683975,AS,0.0265669988925803,0.00662301200825219,-3.62808547656538,K,575,11.9,cereal,water,35,35,1.88,206,7.5,1.36,3,unknown,yes,unknown,300,3,unknown,UM
9,39.685258,116.683975,AS,0.00926699889258029,0.00392118534723496,-4.68129569587902,K,575,11.9,cereal,water,35,35,1.88,206,7.5,1.36,3,unknown,yes,unknown,300,3,unknown,UM
9,39.685258,116.683975,AS,0.00506699889258029,0.00353504007647015,-5.28500657104369,K,575,11.9,cereal,water,35,35,1.88,206,7.5,1.36,3,unknown,yes,unknown,300,3,unknown,UM
9,39.685258,116.683975,AS,0.0132669988925803,0.00442540330557649,-4.32247561351911,K,575,11.9,cereal,water,35,35,1.88,206,7.5,1.36,3,unknown,yes,unknown,300,3,unknown,UM
10,42.433333,142.483333,AS,2.68292682926829e-05,0.00609759719023187,-10.5260171658821,J,1252,8.1,grass,water,22,35,7.87,308,5.5,0.95,4,unknown,unknown,unknown,164,1,unknown,AS
10,42.433333,142.483333,AS,1e-04,0.00546451785711993,-9.21034037197618,J,1252,8.1,grass,water,22,35,7.87,308,5.5,0.95,4,unknown,unknown,unknown,183,1,unknown,AS
10,42.433333,142.483333,AS,0.000317567567567568,0.013514041309702,-8.05481995103619,J,1252,8.1,grass,water,22,35,7.87,308,5.5,0.95,4,unknown,unknown,unknown,74,1,unknown,AS
10,42.433333,142.483333,AS,1e-04,0.0135135449418942,-9.21034037197618,J,1252,8.1,grass,water,22,35,7.87,308,5.5,0.95,4,unknown,unknown,unknown,74,1,unknown,AS
10,42.433333,142.483333,AS,0.000293216630196936,0.0109410320902709,-8.13459886992543,J,1252,8.1,grass,water,22,35,7.87,308,5.5,0.95,4,unknown,unknown,unknown,91.4,1,unknown,AS
10,42.433333,142.483333,AS,1e-04,0.00961538461538462,-9.21034037197618,J,1252,8.1,cereal,water,22,35,7.87,308,5.5,0.95,4,unknown,unknown,unknown,104,1,unknown,AS
10,42.433333,142.483333,AS,1e-04,0.00961548959445535,-9.21034037197618,J,1252,8.1,cereal,water,22,35,7.87,308,5.5,0.95,4,unknown,unknown,unknown,104,1,unknown,AS
10,42.433333,142.483333,AS,1e-04,0.01035201485818,-9.21034037197618,J,1252,8.1,cereal,water,22,35,7.87,308,5.5,0.95,4,unknown,unknown,unknown,96.6,1,unknown,AS
10,42.433333,142.483333,AS,1e-04,0.0250000093942373,-9.21034037197618,J,1252,8.1,grass,water,22,35,7.87,308,5.5,0.95,4,unknown,unknown,unknown,40,1,unknown,AS
10,42.433333,142.483333,AS,1e-04,0.00665783571457647,-9.21034037197618,J,1252,8.1,grass,water,22,35,7.87,308,5.5,0.95,4,unknown,unknown,unknown,150.2,1,unknown,AS
10,42.433333,142.483333,AS,5.29865125240848e-05,0.00963391592494265,-9.8454731574755,J,1252,8.1,grass,water,22,35,7.87,308,5.5,0.95,4,unknown,unknown,unknown,103.8,1,unknown,AS
11,39.685258,116.683975,AS,0.0236432130991932,0.00359705094628976,-3.74467917777867,K,575,11.9,cereal,water,35,35,2.023,206,7.61,1.39,3,unknown,yes,unknown,280,3,irrigation,AS
11,39.685258,116.683975,AS,0.012033665559247,0.00333599893418582,-4.42004709389084,K,575,11.9,cereal,water,35,35,2.223,206,7.54,1.41,3,unknown,yes,unknown,300,3,irrigation,AS
11,39.685258,116.683975,AS,0.0300360702420503,0.00366467555709581,-3.50535627815187,K,575,11.9,cereal,water,35,35,2.223,206,7.54,1.41,3,unknown,yes,unknown,280,3,irrigation,AS
11,39.685258,116.683975,AS,0.0134289273849075,0.00438006266845485,-4.31034413873204,K,575,11.9,cereal,water,35,35,2.123,206,7.71,1.38,3,unknown,yes,unknown,280,3,irrigation,ASC
11,39.685258,116.683975,AS,0.00463366555924695,0.00375706741429477,-5.37440702664958,K,575,11.9,cereal,water,35,35,2.212,206,7.41,1.39,3,unknown,yes,unknown,300,3,irrigation,ASC
11,39.685258,116.683975,AS,0.0177860702420503,0.00485293935756087,-4.0293396987237,K,575,11.9,cereal,water,35,35,2.212,206,7.41,1.39,3,unknown,yes,unknown,280,3,irrigation,ASC
11,39.685258,116.683975,AS,0.020250355956336,0.00429893793243619,-3.89958290749341,K,575,11.9,cereal,water,35,35,1.621,206,7.74,1.35,3,unknown,yes,unknown,280,3,irrigation,AS
11,39.685258,116.683975,AS,0.00736699889258029,0.004462311309425,-4.91074486160314,K,575,11.9,cereal,water,35,35,1.573,206,7.71,1.36,3,unknown,yes,unknown,300,3,irrigation,AS
11,39.685258,116.683975,AS,0.0284646416706217,0.00482883029737185,-3.55909260507843,K,575,11.9,cereal,water,35,35,1.573,206,7.71,1.36,3,unknown,yes,unknown,280,3,irrigation,AS
11,39.685258,116.683975,AS,0.0124289273849075,0.00369016895802557,-4.38772866962802,K,575,11.9,cereal,water,35,35,1.802,206,7.71,1.35,3,unknown,yes,unknown,280,3,irrigation,ASC
11,39.685258,116.683975,AS,0.00416699889258029,0.00378828603871343,-5.48055919230133,K,575,11.9,cereal,water,35,35,1.768,206,7.7,1.35,3,unknown,yes,unknown,300,3,irrigation,ASC
11,39.685258,116.683975,AS,0.0157146416706217,0.00400907770960263,-4.15316241073474,K,575,11.9,cereal,water,35,35,1.768,206,7.7,1.35,3,unknown,yes,unknown,280,3,irrigation,ASC
12,26.250833,127.765,AS,0.0105714285714286,1.42857870986656,-4.54960033483328,M,2115.50003314841,25.3,other,cacl2,36,17,0.35,8.55516014234875,7.25,1.04,3,unknown,unknown,unknown,0.7,1,unknown,AS
12,26.250833,127.765,AS,0.00414285714285714,1.42857501669203,-5.48636959805098,M,2115.50003314841,25.3,other,cacl2,36,17,0.35,8.55516014234875,7.25,1.04,3,unknown,unknown,unknown,0.7,1,unknown,O
12,26.250833,127.765,AS,0.00212857142857143,1.42857322486825,-6.15230421508604,M,2115.50003314841,24.5,other,cacl2,36,17,0.35,8.55516014234875,7.25,1.04,3,unknown,unknown,unknown,0.7,1,unknown,AS
12,26.250833,127.765,AS,0.00184285714285714,1.42857313034317,-6.29643811666982,M,2115.50003314841,24.5,other,cacl2,36,17,0.35,8.55516014234875,7.25,1.04,3,unknown,unknown,unknown,0.7,1,unknown,O
13,41.016667,141.416667,AS,0.00983333333333333,0.00870025542409213,-4.62197730430447,J,938,7.1,vegetable,water,38.1,32.9,2.2366765578635,339,6.1,0.78,3,unknown,unknown,unknown,120,1,unknown,UM
13,41.016667,141.416667,AS,0.00925,0.00851510096501765,-4.6831317274578,J,938,7.1,vegetable,water,38.1,32.9,2.2366765578635,339,6.1,1.78,3,unknown,unknown,unknown,120,1,unknown,UC
13,41.016667,141.416667,AS,0.000666666666666667,0.00843932593411478,-7.3132203870903,J,938,7.1,vegetable,water,38.1,32.9,2.2366765578635,339,6.1,2.78,3,unknown,unknown,unknown,120,1,unknown,ANC
14,43.305556,-3.883333,EU,0.0137142857142857,0.0148563191727834,-4.28931723656961,K,104,19.7,grass,water,35,35,6.58,308,5.5,1.13,4,unknown,unknown,unknown,70,1,unknown,U
14,43.305556,-3.883333,EU,0.007,0.0145309084143567,-4.96184512992682,K,104,19.7,grass,water,35,35,6.58,308,5.5,1.13,4,unknown,unknown,unknown,70,1,unknown,UC
14,43.305556,-3.883333,EU,0.00614285714285714,0.0144988498141685,-5.09246531234389,K,104,19.7,grass,water,35,35,6.58,308,5.5,1.13,4,unknown,unknown,unknown,70,1,unknown,ASN
14,43.305556,-3.883333,EU,0.006,0.0144937201528407,-5.11599580975408,K,104,19.7,grass,water,35,35,6.58,308,5.5,1.13,4,unknown,unknown,unknown,70,1,broadcast,ASNC
15,50.769444,3.901389,EU,1e-04,0.00666678341040322,-9.21034037197618,J,873.958638643397,22,grass,water,15,44,5.85,261,5.6,0.8,4,unknown,yes,unknown,150,1,unknown,AS
15,50.769444,3.901389,EU,1e-04,0.00666668047598975,-9.21034037197618,J,873.958638643397,22,grass,water,15,44,5.85,261,5.6,0.8,4,unknown,yes,unknown,150,1,unknown,ASC
15,50.769444,3.901389,EU,1e-04,0.00666928909141874,-9.21034037197618,J,873.958638643397,22,grass,water,15,44,5.85,261,5.6,0.8,4,unknown,yes,unknown,150,1,unknown,AS
15,50.769444,3.901389,EU,1e-04,0.00666733208213582,-9.21034037197618,J,873.958638643397,22,grass,water,15,44,5.85,261,5.6,0.8,4,unknown,yes,unknown,150,1,unknown,ASC
15,50.769444,3.901389,EU,0.00181066014654357,0.00669309054893111,-6.31406377835197,J,873.958638643397,22,grass,water,15,44,5.85,261,5.6,0.8,4,unknown,yes,unknown,150,1,unknown,AS
15,50.769444,3.901389,EU,0.000298172484142655,0.00667230929574574,-8.11783843305453,J,873.958638643397,22,grass,water,15,44,5.85,261,5.6,0.8,4,unknown,yes,unknown,150,1,unknown,ASC
16,39.685258,116.683975,AS,1e-04,0.00500000078399994,-9.21034037197618,K,575,11.9,cereal,water,35,35,1.035,206,7.73,1.41,3,unknown,yes,unknown,200,1,unknown,AS
16,39.685258,116.683975,AS,1e-04,0.00500000078399994,-9.21034037197618,K,575,11.9,cereal,water,35,35,0.8795,206,7.82,1.39,3,unknown,yes,unknown,200,1,unknown,AS
16,39.685258,116.683975,AS,1e-04,0.00500000313599902,-9.21034037197618,K,575,11.9,cereal,water,35,35,1.035,206,7.73,1.41,3,unknown,yes,unknown,200,1,unknown,O
16,39.685258,116.683975,AS,1e-04,0.005000000196,-9.21034037197618,K,575,11.9,cereal,water,35,35,0.8795,206,7.82,1.39,3,unknown,yes,unknown,200,1,unknown,O
16,39.685258,116.683975,AS,1e-04,0.00500000176399969,-9.21034037197618,K,575,11.9,cereal,water,35,35,1.035,206,7.73,1.41,3,unknown,yes,unknown,200,1,unknown,AN
16,39.685258,116.683975,AS,1e-04,0.00500000078399994,-9.21034037197618,K,575,11.9,cereal,water,35,35,0.8795,206,7.82,1.39,3,unknown,yes,unknown,200,1,unknown,AN
16,39.685258,116.683975,AS,1e-04,0.00500000078399994,-9.21034037197618,K,575,11.9,cereal,water,35,35,0.8795,206,7.82,1.39,3,unknown,yes,unknown,200,1,unknown,AN
16,40.533333,-30.283333,EU,0.0045,0.00840694384637924,-5.40367788220586,K,483.279318712138,13.4080461927144,other,water,35,35,0.82,0,7.6,0,3,unknown,unknown,unknown,120,1,unknown,U
16,40.533333,-30.283333,EU,0.000583333333333333,0.0083381008080063,-7.44675177971482,K,483.279318712138,13.4080461927144,other,water,35,35,0.82,0,7.6,0,3,unknown,unknown,unknown,120,1,unknown,UC
17,40.533333,-30.283333,EU,0.00048,0.00800402269602136,-7.64172445406234,K,483.279318712138,13.4080461927144,other,water,35,35,0.81,0,7.6,0,3,unknown,unknown,unknown,125,1,unknown,U
17,40.533333,-30.283333,EU,1e-04,0.00800064376728198,-9.21034037197618,K,483.279318712138,13.4080461927144,other,water,35,35,0.81,0,7.6,0,3,unknown,unknown,unknown,125,1,unknown,AN
17,40.533333,-30.283333,EU,0.00152,0.00801400812068613,-6.48904494412395,K,483.279318712138,13.4080461927144,other,water,35,35,0.81,0,7.6,0,3,unknown,unknown,unknown,125,1,unknown,U
17,40.533333,-30.283333,EU,1e-04,0.00800144840354751,-9.21034037197618,K,483.279318712138,13.4080461927144,other,water,35,35,0.81,0,7.6,0,3,unknown,unknown,unknown,125,1,unknown,AN
18,37.5,-79,NAm,0.00854838709677419,0.0162670362261669,-4.76201265748106,K,1111.39656814008,14.5850577453772,other,water,65,10,1.16,196,6.8,1.26,3,unknown,unknown,unknown,62,1,unknown,O
18,37.5,-79,NAm,0.0101530612244898,0.0055736709753896,-4.58998002049412,K,1111.39656814008,14.5850577453772,other,water,65,10,1.16,196,6.8,1.26,3,unknown,unknown,unknown,196,1,unknown,O
20,36.016667,140.116667,AS,0.111600664451827,0.0247241718105694,-2.19282827518323,K,1346.45864174284,14.0135059757479,vegetable,water,65,10,3.13,167.146031746032,5.9,0.702412698412698,2,unknown,unknown,unknown,150,1,unknown,U
21,36.016667,140.116667,AS,0.00400083056478405,0.00840694384637924,-5.52125329822068,K,1346.45864174284,14.0135059757479,other,water,65,10,3.31,167.146031746032,5.9,0.702412698412698,3,unknown,unknown,unknown,120,1,unknown,U
21,36.016667,140.116667,AS,8.41638981173868e-05,0.0083381008080063,-9.38274449211279,K,1346.45864174284,14.0135059757479,other,water,65,10,3.31,167.146031746032,5.9,0.702412698412698,3,unknown,unknown,unknown,120,1,unknown,UC
21,36.016667,140.116667,AS,0.00175083056478405,0.00835744070781247,-6.34766499518965,K,1346.45864174284,14.0135059757479,other,water,65,10,1.77,167.146031746032,5.7,0.702412698412698,3,unknown,unknown,unknown,120,1,unknown,U
21,36.016667,140.116667,AS,0.00141749723145072,0.00835238690462601,-6.55886247548546,K,1346.45864174284,14.0135059757479,other,water,65,10,1.77,167.146031746032,5.7,0.702412698412698,3,unknown,unknown,unknown,120,1,unknown,UC
21,36.016667,140.116667,AS,0.000834163898117387,0.00834496788344748,-7.08908065438871,K,1346.45864174284,14.0135059757479,other,water,65,10,3.31,167.146031746032,5.9,0.702412698412698,3,unknown,unknown,unknown,120,1,unknown,U
21,36.016667,140.116667,AS,0.00208416389811739,0.00836308546199533,-6.1733875122538,K,1346.45864174284,14.0135059757479,other,water,65,10,3.31,167.146031746032,5.9,0.702412698412698,3,unknown,unknown,unknown,120,1,unknown,UC
21,36.016667,140.116667,AS,0.00441749723145072,0.00841902984345601,-5.42218198049372,K,1346.45864174284,14.0135059757479,other,water,65,10,1.77,167.146031746032,5.7,0.702412698412698,3,unknown,unknown,unknown,120,1,unknown,U
21,36.016667,140.116667,AS,0.00250083056478405,0.0083709705964087,-5.99113237636917,K,1346.45864174284,14.0135059757479,other,water,65,10,1.77,167.146031746032,5.7,0.702412698412698,3,unknown,unknown,unknown,120,1,unknown,UC
26,36.016667,140.116667,AS,0.004,0.00409019605985579,-5.52146091786225,K,1346.45864174284,14.0135059757479,vegetable,water,25,60,4.6,167.146031746032,5.6,0.702412698412698,3,unknown,unknown,unknown,250,1,unknown,UM
26,36.016667,140.116667,AS,0.00196,0.00402229181438512,-6.23481080573971,K,1346.45864174284,14.0135059757479,vegetable,water,25,60,4.6,167.146031746032,5.6,0.702412698412698,3,unknown,unknown,unknown,250,1,unknown,UM
26,36.016667,140.116667,AS,0.0019,0.00501697136106198,-6.26590139280974,K,1346.45864174284,14.0135059757479,vegetable,water,25,60,4.6,167.146031746032,5.6,0.702412698412698,3,unknown,unknown,unknown,200,1,unknown,UM
26,36.016667,140.116667,AS,4e-04,0.00400108178393036,-7.82404601085629,K,1346.45864174284,14.0135059757479,vegetable,water,25,60,4.6,167.146031746032,5.6,0.702412698412698,3,unknown,unknown,unknown,250,1,unknown,UC
26,36.016667,140.116667,AS,3e-04,0.00500054764129411,-8.11172808330807,K,1346.45864174284,14.0135059757479,vegetable,water,25,60,4.6,167.146031746032,5.6,0.702412698412698,3,unknown,unknown,unknown,200,1,unknown,UC
27,36.966667,117.983333,AS,0.00466666666666667,0.00201232900348638,-5.36731023803499,K,636.344838620003,13.5522990774406,other,water,25,15,1.028,225,8.3,1.34,3,unknown,unknown,unknown,600,1,unknown,U
32,31.616667,120.466667,AS,0.00283333333333333,0.00563447564139113,-5.86630140415398,K,1164.32760620939,16.1146554370764,other,water,35,35,1.5,188,6.8,1.19,3,unknown,unknown,unknown,180,1,unknown,U
32,31.616667,120.466667,AS,0.0221643286573146,0.00515937729572827,-3.80927109965733,K,1164.32760620939,16.1146554370764,vegetable,water,35,35,1.5,188,6.8,1.19,3,unknown,unknown,unknown,499,1,unknown,U
32,31.616667,120.466667,AS,0.00793103448275862,0.00470879099644983,-4.83697180004542,K,1164.32760620939,16.1146554370764,vegetable,water,35,35,1.5,188,6.8,1.19,3,unknown,unknown,unknown,232,1,unknown,U
32,31.616667,120.466667,AS,0.00984455958549223,0.00562133805250795,-4.62083630273249,K,1164.32760620939,16.1146554370764,vegetable,water,35,35,1.5,188,6.8,1.19,3,unknown,unknown,unknown,193,1,unknown,U
32,31.616667,120.466667,AS,0.0109051724137931,0.00490564006131802,-4.51851806892688,K,1164.32760620939,16.1146554370764,vegetable,water,35,35,1.5,188,6.8,1.19,3,unknown,unknown,unknown,232,1,unknown,U
35,30.833333,120.7,AS,0.00911332595053526,0.0223774620401587,-4.69801754646429,H,550.158630187398,6.74511509932492,vegetable,water,40,20,1.4,269,6.1,1.32,2,unknown,unknown,unknown,45,1,unknown,O
39,51.816667,-0.35,EU,1e-04,0.0208333333333333,-9.21034037197618,J,705.424149521466,10.5224139726367,other,water,28.3,34.4,9.82,292,7,1.02,3,unknown,unknown,unknown,48,1,unknown,AN
39,51.816667,-0.35,EU,1e-04,0.0104166666666667,-9.21034037197618,J,705.424149521466,10.5224139726367,other,water,28.3,34.4,9.82,292,7,1.02,3,unknown,unknown,unknown,96,1,unknown,AN
39,51.816667,-0.35,EU,4.6875e-05,0.0052083449759922,-9.9680260736737,J,705.424149521466,10.5224139726367,other,water,28.3,34.4,9.82,292,7,1.02,3,unknown,unknown,unknown,192,1,unknown,AN
43,36.016667,140.116667,AS,0.00776,0.00432666455869393,-4.85877294478701,K,1346.45864174284,14.0135059757479,vegetable,water,65,10,3.79149206349206,167.146031746032,5.6,0.702412698412698,3,unknown,unknown,unknown,250,1,unknown,UM
43,36.016667,140.116667,AS,0.00032,0.00400072420177376,-8.0471895621705,K,1346.45864174284,14.0135059757479,vegetable,water,65,10,3.79149206349206,167.146031746032,5.6,0.702412698412698,3,unknown,unknown,unknown,250,1,unknown,UM
43,36.016667,140.116667,AS,4e-04,0.00400108178393036,-7.82404601085629,K,1346.45864174284,14.0135059757479,vegetable,water,65,10,3.79149206349206,167.146031746032,5.6,0.702412698412698,3,unknown,unknown,unknown,250,1,unknown,UC
44,19.883333,-155.583333,NAm,1e-04,0.02,-9.21034037197618,K,1431.34140044245,17.7321842812944,other,water,90,5,4.97,277,6.2,1.14,4,unknown,unknown,unknown,50,1,unknown,UM
44,19.883333,-155.583333,NAm,2e-04,0.0200001788306406,-8.51719319141624,K,1431.34140044245,17.7321842812944,other,water,90,5,4.97,277,6.2,1.14,4,unknown,unknown,unknown,50,1,unknown,UM
44,19.883333,-155.583333,NAm,6e-04,0.0200007153129685,-7.41858090274813,K,1431.34140044245,17.7321842812944,other,water,90,5,4.97,277,6.2,1.14,4,unknown,unknown,unknown,50,1,unknown,UM
44,19.883333,-155.583333,NAm,0.0022,0.0200064368960018,-6.11929791861787,K,1431.34140044245,17.7321842812944,other,water,90,5,4.97,277,6.2,1.14,4,unknown,unknown,unknown,50,1,unknown,UM
44,19.883333,-155.583333,NAm,1e-04,0.02,-9.21034037197618,K,1431.34140044245,17.7321842812944,other,water,90,5,4.97,277,6.2,1.14,4,unknown,unknown,unknown,50,1,unknown,UM
44,19.883333,-155.583333,NAm,1e-04,0.02000004470781,-9.21034037197618,K,1431.34140044245,17.7321842812944,other,water,90,5,4.97,277,6.2,1.14,4,unknown,unknown,unknown,50,1,unknown,UM
44,19.883333,-155.583333,NAm,0.0024,0.0200075542016939,-6.03228654162824,K,1431.34140044245,17.7321842812944,other,water,90,5,4.97,277,6.2,1.14,4,unknown,unknown,unknown,50,1,unknown,UM
44,19.883333,-155.583333,NAm,0.0022,0.0200064368960018,-6.11929791861787,K,1431.34140044245,17.7321842812944,other,water,90,5,4.97,277,6.2,1.14,4,unknown,unknown,unknown,50,1,unknown,UM
45,43.6,1.433333,EU,0.0293478260869565,0.00955023662567144,-3.52853680403876,K,691.762080735174,13.8979887749957,other,water,65,10,3.2,273.957142857143,4.3,1.26448571428571,4,unknown,unknown,unknown,138,1,unknown,U
45,43.6,1.433333,EU,0.108298611111111,0.023167924807039,-2.22286294951623,K,691.762080735174,13.8979887749957,other,water,65,10,1.89,273.957142857143,5.2,1.26448571428571,4,unknown,unknown,unknown,288,1,unknown,AN
45,43.6,1.433333,EU,0.277971014492754,0.0592350662945023,-1.28023843514197,K,691.762080735174,13.8979887749957,other,water,65,10,1.15,273.957142857143,5.8,1.26448571428571,4,unknown,unknown,unknown,138,1,unknown,U
46,43.966667,-1.166667,EU,0.11425,0.0244273309673068,-2.16936624920782,K,691.762080735174,13.8979887749957,other,water,65,10,1.89,273.957142857143,5.2,1.26448571428571,3,unknown,unknown,unknown,280,1,unknown,AN
47,59.141667,17.633333,EU,0.01925,0.0102942253982465,-3.95024421824834,G,517.472423824771,6.98649437427949,other,water,38.3,34.5,9.03,390,6.2,0.98,3,unknown,unknown,unknown,120,1,unknown,AN
47,59.141667,17.633333,EU,0.0188,0.0065417000891643,-3.97389840914623,G,517.472423824771,6.98649437427949,grass,water,38.3,34.5,9.03,390,5,0.98,3,unknown,unknown,unknown,200,1,unknown,AN
58,62.666667,30.833333,EU,0.125586894260511,0.02764696296598,-2.07475737545199,J,1260.20691496751,7.39166679950538,grass,water,25,60,7.0032361516035,260.854227405248,5.3,0.78734693877551,3,unknown,unknown,unknown,145,1,unknown,O
59,62.666667,2.833333,EU,1e-04,0.00931086068144704,-9.21034037197618,G,623.606907630789,3.23850579996561,other,water,25,15,2.18,668,8.3,0.56,3,unknown,unknown,unknown,108,1,unknown,UM
61,23.16667,113.383333,AS,0.02375,0.0170297073679457,-3.74017274850149,M,1738.70002604867,22.6060348242179,vegetable,water,60,27.5,1.64,89.0109090909091,6.2,0.605163636363636,3,unknown,unknown,unknown,64,1,unknown,UM
64,34.916667,110.7,AS,0.00558069381598793,0.0152815529513641,-5.18844217053568,M,1738.70002604867,22.6060348242179,other,water,10,50,1,89.0109090909091,8,0.605163636363636,3,unknown,unknown,unknown,66.3,1,unknown,U
65,34.916667,110.7,AS,0.00465116279069768,0.00260788552682808,-5.37063802812766,K,594.110355655181,13.5186783701995,other,water,60,27.5,1.13,241,8.7,1.34,4,unknown,unknown,unknown,430,1,unknown,U
65,34.916667,110.7,AS,0.00302325581395349,0.0024712579431935,-5.80142094422012,K,594.110355655181,13.5186783701995,other,water,60,27.5,1.13,241,8.7,1.34,4,unknown,unknown,unknown,430,1,unknown,U
65,34.916667,110.7,AS,0.00564102564102564,0.00292602767587908,-5.17768937875942,K,594.110355655181,13.5186783701995,other,water,60,27.5,1.13,241,8.7,1.34,4,unknown,unknown,unknown,390,1,unknown,U
65,34.916667,110.7,AS,0.00512820512820513,0.00287536096547711,-5.27299955856375,K,594.110355655181,13.5186783701995,other,water,60,27.5,1.13,241,8.7,1.34,4,unknown,unknown,unknown,390,1,unknown,U
66,34.916667,110.7,AS,0.00355555555555556,0.00754328189330299,-5.63924395351863,K,594.110355655181,13.5186783701995,other,water,60,27.5,1.13,241,8.7,1.34,3,unknown,unknown,unknown,135,1,unknown,U
66,34.916667,110.7,AS,0.00288888888888889,0.003822998732944,-5.84688331829687,K,594.110355655181,13.5186783701995,other,water,60,27.5,1.13,241,8.7,1.34,3,unknown,unknown,unknown,270,1,unknown,U
66,34.916667,110.7,AS,0.00295348837209302,0.0024712579431935,-5.82476830821711,K,594.110355655181,13.5186783701995,other,water,60,27.5,1.13,241,8.7,1.34,3,unknown,unknown,unknown,430,1,unknown,U
66,34.916667,110.7,AS,0.00272307692307692,0.00169676757951626,-5.90599281630395,K,594.110355655181,13.5186783701995,other,water,60,27.5,1.13,241,8.7,1.34,3,unknown,unknown,unknown,650,1,unknown,U
66,34.916667,110.7,AS,0.00255294117647059,0.00134253034540334,-5.97050918193199,K,594.110355655181,13.5186783701995,other,water,60,27.5,1.13,241,8.7,1.34,3,unknown,unknown,unknown,850,1,unknown,U
67,40.65,-104.983333,NAm,0.00656716417910448,0.00772706801137821,-5.0256731714608,H,397.537937626757,9.20977027273212,other,water,35,35,1.18,187,7.7,1.39,3,unknown,unknown,unknown,134,1,unknown,UM
67,40.65,-104.983333,NAm,0.0108035714285714,0.00519282546729348,-4.52787851168645,H,397.537937626757,9.20977027273212,other,water,35,35,1.18,187,7.7,1.39,3,unknown,unknown,unknown,224,1,unknown,UM
67,40.65,-104.983333,NAm,0.00447761194029851,0.00753720022953932,-5.4086654237169,H,397.537937626757,9.20977027273212,other,water,35,35,1.18,187,7.7,1.39,3,unknown,unknown,unknown,134,1,unknown,UM
67,40.65,-104.983333,NAm,0.00348214285714286,0.00453581409141845,-5.66010741115354,H,397.537937626757,9.20977027273212,other,water,35,35,1.18,187,7.7,1.39,3,unknown,unknown,unknown,224,1,unknown,UM
68,40.65,-104.983333,NAm,1e-04,0.00446432563183941,-9.21034037197618,H,397.537937626757,9.20977027273212,other,water,35,35,1.18,187,7.7,1.39,4,unknown,unknown,unknown,224,1,unknown,UM
69,31.33333,119.45,AS,0.00566666666666667,0.0043294840084796,-5.17315422359403,K,1252.37243332534,16.3959772465215,other,water,25,15,1.49,161.654237288136,6.2,1.1126779661017,3,unknown,unknown,unknown,300,1,unknown,UM
69,33.4,119.3,AS,0.006,0.004439339718568,-5.11599580975408,K,954.158638154639,15.434482994864,other,water,25,60,1.42,208,8.3,1.25,3,unknown,unknown,unknown,300,1,unknown,UM
70,43.55,-80.25,NAm,0.0046,0.0200257351698958,-5.38169897548709,G,942.779326208707,6.65689664817918,grass,water,65,10,3.81,208.837209302326,6.9,1.15848837209302,3,unknown,unknown,unknown,50,1,unknown,AN
70,43.55,-80.25,NAm,0.0044,0.0200129164007098,-5.42615073805792,G,942.779326208707,6.65689664817918,grass,water,65,10,3.81,208.837209302326,6.9,1.15848837209302,3,unknown,unknown,unknown,50,1,unknown,AN
70,43.55,-80.25,NAm,0.0112,0.0200644542909745,-4.49184150068109,G,942.779326208707,6.65689664817918,grass,water,65,10,3.81,208.837209302326,6.9,1.15848837209302,3,unknown,unknown,unknown,50,1,unknown,AN
70,43.55,-80.25,NAm,0.0128,0.0201880070423739,-4.35831010805657,G,942.779326208707,6.65689664817918,grass,water,65,10,3.81,208.837209302326,6.9,1.15848837209302,3,unknown,unknown,unknown,50,1,unknown,U
70,43.55,-80.25,NAm,0.0072,0.0200429182041705,-4.93367425296013,G,942.779326208707,6.65689664817918,grass,water,65,10,3.81,208.837209302326,6.9,1.15848837209302,3,unknown,unknown,unknown,50,1,unknown,U
70,43.55,-80.25,NAm,0.0222,0.020383010848538,-3.8076629901039,G,942.779326208707,6.65689664817918,grass,water,65,10,3.81,208.837209302326,6.9,1.15848837209302,3,unknown,unknown,unknown,50,1,unknown,U
70,43.55,-80.25,NAm,0.0024,0.0200075542016939,-6.03228654162824,G,942.779326208707,6.65689664817918,grass,water,65,10,3.81,208.837209302326,6.9,1.15848837209302,3,unknown,unknown,unknown,50,1,unknown,UC
70,43.55,-80.25,NAm,0.0044,0.0200129164007098,-5.42615073805792,G,942.779326208707,6.65689664817918,grass,water,65,10,3.81,208.837209302326,6.9,1.15848837209302,3,unknown,unknown,unknown,50,1,unknown,UC
70,43.55,-80.25,NAm,0.0152,0.020149835970646,-4.18645985112991,G,942.779326208707,6.65689664817918,grass,water,65,10,3.81,208.837209302326,6.9,1.15848837209302,3,unknown,unknown,unknown,50,1,unknown,UC
72,40.8,-104.75,NAm,0.11773180308064,0.0525319408909847,-2.13934609662122,H,397.537937626757,9.20977027273212,grass,water,65,10,1.18,248,5.6,1.41,3,unknown,unknown,unknown,22,1,unknown,AN
74,32.583333,119.7,AS,0.00673202614379085,0.00670419798159759,-5.00087911915089,K,1038.7586402369,15.503448468344,vegetable,water,65,10,1.56,244,7.5,1.21,3,unknown,unknown,unknown,153,1,unknown,U
75,40.316667,-3.316667,EU,0.00125714285714286,0.00572103899738763,-6.67891370655329,K,414.575867398289,14.8066094730092,other,water,65,10,0.812,236,8.1,1.34,3,unknown,unknown,unknown,175,1,unknown,U
76,40.533333,-3.316667,EU,4e-04,0.00800064376728198,-7.82404601085629,K,456.441387497146,13.8364944978692,other,water,35,35,0.82,260,7.9,1.32,3,unknown,unknown,unknown,125,1,unknown,U
84,62.766667,30.966667,EU,0.0015,0.0100801529234742,-6.50229017087397,G,623.606907630789,3.23850579996561,other,water,35,35,5,599,4.5,0.64,3,unknown,unknown,unknown,100,1,unknown,O
84,62.766667,30.966667,EU,0.006,0.0102434877637901,-5.11599580975408,G,623.606907630789,3.23850579996561,other,water,35,35,5,599,4.5,0.64,3,unknown,unknown,unknown,100,1,unknown,O
84,62.766667,30.966667,EU,0.0045,0.010179456599515,-5.40367788220586,G,623.606907630789,3.23850579996561,other,water,35,35,5,599,5.2,0.64,3,unknown,unknown,unknown,100,1,unknown,U
87,8.883333,-67.316667,SAm,0.0018,0.00172662914844414,-6.31996861408002,Q,1284.53105873023,28.2051728018399,grass,water,65,10,1.05,153,4,1.41,3,unknown,unknown,unknown,600,1,unknown,O
88,40.533333,-3.283333,EU,0.00088,0.0040299671941292,-7.03558865049202,K,456.441387497146,13.8364944978692,other,water,60,27.5,0.82,247,7.9,1.32,3,unknown,unknown,unknown,250,1,unknown,UC
88,40.533333,-3.283333,EU,0.00268,0.00409376221818992,-5.92193848445937,K,456.441387497146,13.8364944978692,other,water,60,27.5,0.82,247,7.9,1.32,3,unknown,unknown,unknown,250,1,unknown,UC
88,40.533333,-3.283333,EU,0.00936,0.00460594450600836,-4.67130998849264,K,456.441387497146,13.8364944978692,other,water,60,27.5,0.82,247,7.9,1.32,3,unknown,unknown,unknown,250,1,unknown,U
92,-10.9,-62.75,SAm,0.0244009966777409,0.0114013367452359,-3.71313130006882,G,363.886214408381,4.80028743692941,other,water,65,10,3.98,219,7.4,1.25,3,unknown,unknown,unknown,100,1,unknown,O
92,-10.9,-62.75,SAm,0.00280099667774086,0.0100412473493945,-5.87777996880238,R,1759.92071945092,25.8025865883663,grass,water,65,10,2.19,135,4.7,1.23,3,unknown,unknown,unknown,100,1,unknown,O
93,49.91667,11.516667,EU,0.0054054054054054,0.0145632507184006,-5.22035582507833,H,628.696562228532,8.67298864243531,grass,water,35,35,4.85,321,6.3,1.25,4,unknown,unknown,unknown,74,1,unknown,AN
94,35.616667,-88.833333,NAm,0.00128571428571429,0.00724942490708427,-6.65644085070123,K,1387.91726671416,15.5304600052193,other,water,25,15,4.24,157,5.8,1.24,3,unknown,unknown,unknown,140,1,unknown,AN
94,35.616667,-88.833333,NAm,0.00206349206349206,0.0040858737227763,-6.18335555491809,K,1387.91726671416,15.5304600052193,other,water,25,15,4.24,157,5.8,1.24,3,unknown,unknown,unknown,252,1,unknown,AN
96,40.53333,-3.283333,EU,0.00131428571428571,0.00572163861997022,-6.63446194398246,K,456.441387497146,13.8364944978692,other,water,35,35,0.82,247,7.9,1.32,3,unknown,unknown,unknown,175,1,unknown,U
98,10.433333,-84,SAm,0.134861387966039,0.0287380120638424,-2.00350778382566,J,828.020702460716,10.4048852464291,other,water,40,20,5.80995169082126,202.478260869565,4.06956521739131,0.648695652173913,3,unknown,unknown,unknown,360,1,unknown,UM
98,10.433333,-84,SAm,0.0995836101882614,0.0213259149758372,-2.30675768427522,R,4488.50351070535,24.7425290907937,other,water,25,60,4.41,100,5.2,1.03,3,unknown,unknown,unknown,360,1,unknown,UM
99,10.003333,-84.916667,SAm,0.0127333333333333,0.00466969228468768,-4.36353205203772,Q,3082.55522943365,25.5566095374096,grass,water,40,20,3.15046875,153.59765625,4,0.751015625,3,unknown,unknown,unknown,300,1,unknown,AN
101,42.5,-72.166667,NAm,0.006,0.0203510500556583,-5.11599580975408,G,1254.62760760866,9.61293120024961,other,water,60.5,9.1,24.65,433,4,1.06,3,unknown,unknown,unknown,50,1,unknown,AN
101,42.5,-72.166667,NAm,0.1214,0.0287141748420749,-2.10866440035674,G,1254.62760760866,9.61293120024961,other,water,60.5,9.1,24.65,433,4,1.06,3,unknown,unknown,unknown,100,1,unknown,AN
101,42.5,-72.166667,NAm,0.2204,0.0523882132466079,-1.51231120170338,G,1254.62760760866,9.61293120024961,other,water,60.5,9.1,24.65,433,4,1.06,3,unknown,unknown,unknown,50,1,unknown,AN
101,42.5,-72.166667,NAm,0.1341,0.030925060827341,-2.0091694886945,G,1254.62760760866,9.61293120024961,other,water,60.5,9.1,24.65,433,4,1.06,3,unknown,unknown,unknown,100,1,unknown,AN
105,50.733333,-4,EU,0.00125,0.0083393667103374,-6.68461172766793,J,1479.44140315878,10.07902315396,grass,water,35,35,6.97,298,5.7,1.12,4,unknown,unknown,unknown,120,1,unknown,AN
105,50.733333,-4,EU,0.001,0.00833752364168892,-6.90775527898214,J,1479.44140315878,10.07902315396,grass,water,35,35,6.97,298,5.7,1.12,4,unknown,unknown,unknown,120,1,unknown,AN
108,31.4,120.416667,AS,0.000722433460076046,0.0038071739866722,-7.23288523899942,K,1261.29312447844,16.5060347489927,other,water,35,35,1.14,88.946127946128,6,0.569057239057239,4,unknown,unknown,unknown,263,1,unknown,U
108,31.4,120.416667,AS,0.000711111111111111,0.00444882365725685,-7.24868186595273,K,1261.29312447844,16.5060347489927,other,water,35,35,1.14,88.946127946128,6,0.569057239057239,4,unknown,unknown,unknown,225,1,unknown,U
108,31.4,120.416667,AS,0.000933333333333333,0.00445115549173454,-6.97674815046909,K,1261.29312447844,16.5060347489927,other,water,35,35,1.14,88.946127946128,6,0.569057239057239,4,unknown,unknown,unknown,225,1,unknown,U
108,31.4,120.416667,AS,0.000711111111111111,0.00444882365725685,-7.24868186595273,K,1261.29312447844,16.5060347489927,other,water,35,35,1.14,88.946127946128,6,0.569057239057239,4,unknown,unknown,unknown,225,1,unknown,U
109,50.7,-3.8,EU,0.00104166666666667,0.0208452520200158,-6.86693328446188,J,1479.44140315878,10.07902315396,grass,water,35,35,6.92,278,5.6,1.09,3,unknown,unknown,unknown,48,1,unknown,AN
109,50.7,-3.8,EU,0.00541666666666667,0.0208969913483167,-5.2182746588745,J,1479.44140315878,10.07902315396,grass,water,35,35,6.92,278,5.6,1.09,3,unknown,unknown,unknown,48,1,unknown,AN
110,51.5,-0.116667,EU,0.0034,0.00506927552870441,-5.68397984736002,J,1479.44140315878,10.07902315396,other,water,65,10,6.92,278,7,1.09,3,unknown,unknown,unknown,200,1,unknown,AN
111,36.016667,140.116667,AS,4e-04,0.00666680078889756,-7.82404601085629,K,1346.45864174284,14.0135059757479,other,water,65,10,3.79149206349206,167.146031746032,6.1,0.702412698412698,4,unknown,unknown,unknown,150,1,unknown,UC
111,36.016667,140.116667,AS,0.0028,0.00668929514808264,-5.87813586180098,K,1346.45864174284,14.0135059757479,other,water,65,10,3.79149206349206,167.146031746032,6.1,0.702412698412698,4,unknown,unknown,unknown,150,1,unknown,U
111,36.016667,140.116667,AS,0.0018,0.0040157419568634,-6.31996861408002,K,1346.45864174284,14.0135059757479,other,water,65,10,3.79149206349206,167.146031746032,6.1,0.702412698412698,4,unknown,unknown,unknown,250,1,unknown,U
112,36.966667,117.983333,AS,0.00421666666666667,0.00199086463504907,-5.46871035247672,K,636.344838620003,13.5522990774406,other,water,25,15,1.03,225,8.3,1.34,3,unknown,unknown,unknown,600,1,unknown,UM
112,36.966667,117.983333,AS,0.004975,0.00284023861207458,-5.30332990837158,K,636.344838620003,13.5522990774406,other,water,25,15,1.03,225,8.3,1.34,3,unknown,unknown,unknown,400,1,unknown,UM
112,36.966667,117.983333,AS,0.0022,0.00176059273790193,-6.11929791861787,K,636.344838620003,13.5522990774406,other,water,25,15,1.03,225,8.3,1.34,3,unknown,unknown,unknown,600,1,unknown,UM
112,36.966667,117.983333,AS,0.0041,0.00270015312966087,-5.49676830527188,K,636.344838620003,13.5522990774406,other,water,25,15,1.03,225,8.3,1.34,3,unknown,unknown,unknown,400,1,unknown,UM
113,36.966667,117.983333,AS,0.00333333333333333,0.00186898462756012,-5.7037824746562,K,636.344838620003,13.5522990774406,other,water,25,15,1.03,225,8.3,1.34,3,unknown,unknown,unknown,600,1,unknown,UM
113,36.966667,117.983333,AS,0.00428571428571429,0.00262594982544183,-5.4524680463753,K,636.344838620003,13.5522990774406,other,water,25,15,1.03,225,8.3,1.34,3,unknown,unknown,unknown,420,1,unknown,UM
114,32.583333,119.7,AS,0.00128888888888889,0.00446451765141797,-6.65397475820604,K,1038.7586402369,15.503448468344,other,water,65,10,1.84,244,8,1.21,4,unknown,unknown,unknown,225,1,unknown,UM
114,32.583333,119.7,AS,0.00137777777777778,0.0044663371161521,-6.58728338370737,K,1038.7586402369,15.503448468344,other,water,65,10,1.84,244,8,1.21,4,unknown,unknown,unknown,225,1,unknown,UM
114,32.583333,119.7,AS,0.00315555555555556,0.00451901743771952,-5.7585907111512,K,1038.7586402369,15.503448468344,other,water,65,10,1.84,244,8,1.21,4,unknown,unknown,unknown,225,1,unknown,UM
114,32.583333,119.7,AS,0.0032,0.00452072706224431,-5.74460446917646,K,1038.7586402369,15.503448468344,other,water,65,10,1.84,244,8,1.21,4,unknown,unknown,unknown,225,1,unknown,UM
115,31.3,120.566667,AS,0.00198952879581152,0.00526139189075509,-6.21985745430834,K,1224.73105652579,16.4816094354309,other,water,10,35,2.15,90.4527027027027,6.6,0.553885135135135,2,unknown,unknown,unknown,191,1,unknown,O
115,31.3,120.566667,AS,0.000942408376963351,0.00524412709872514,-6.96707185613856,K,1224.73105652579,16.4816094354309,other,water,10,35,2.15,90.4527027027027,6.6,0.553885135135135,2,unknown,unknown,unknown,191,1,unknown,O
115,31.3,120.566667,AS,0.000157068062827225,0.00523578934894462,-8.75883132536661,K,1224.73105652579,16.4816094354309,other,water,10,35,2.15,90.4527027027027,6.6,0.553885135135135,2,unknown,unknown,unknown,191,1,unknown,O
115,31.3,120.566667,AS,0.000104712041884817,0.00523570742583578,-9.16429643347478,K,1224.73105652579,16.4816094354309,other,water,10,35,2.15,90.4527027027027,6.6,0.553885135135135,2,unknown,unknown,unknown,191,1,unknown,O
115,31.566667,120.3,AS,0.000111111111111111,0.0055556673240813,-9.10497985631836,K,1164.32760620939,16.1146554370764,other,water,35,35,1.5,89.258389261745,6.8,0.591812080536913,2,unknown,unknown,unknown,180,1,unknown,O
115,31.566667,120.3,AS,0.000166666666666667,0.00555575425360235,-8.69951474821019,K,1164.32760620939,16.1146554370764,other,water,35,35,1.5,89.258389261745,6.8,0.591812080536913,2,unknown,unknown,unknown,180,1,unknown,O
115,32.716667,119.916667,AS,4.44444444444444e-05,0.00444453385926504,-10.0212705881925,K,1164.32760620939,16.1146554370764,other,water,65,10,1.84,89.258389261745,8,0.591812080536913,2,unknown,unknown,unknown,225,1,unknown,O
115,32.716667,119.916667,AS,0.000133333333333333,0.00444469281450468,-8.9226582995244,K,1038.7586402369,15.503448468344,other,water,65,10,1.84,224,8,1.2,2,unknown,unknown,unknown,225,1,unknown,O
115,32.716667,119.916667,AS,8.88888888888889e-05,0.00444453385926504,-9.32812340763257,K,1038.7586402369,15.503448468344,other,water,65,10,1.84,224,8,1.2,2,unknown,unknown,unknown,225,1,unknown,O
115,32.716667,119.916667,AS,0.000177777777777778,0.00444469281450468,-8.63497622707262,K,1038.7586402369,15.503448468344,other,water,65,10,1.84,224,8,1.2,2,unknown,unknown,unknown,225,1,unknown,O
116,32.583333,119.7,AS,0.00360283687943262,0.00169599517907231,-5.62603372178182,K,1038.7586402369,15.503448468344,vegetable,water,65,10,2.01,244,8,1.21,3,unknown,unknown,unknown,705,1,unknown,UM
117,38.71,115.25,AS,0.01875,0.00722234239796867,-3.97656152656572,K,480.658629422559,13.6186783430648,other,water,65,10,0.89,202,8.1,1.34,3,unknown,unknown,unknown,168,1,unknown,UM
117,38.71,115.25,AS,0.00827380952380952,0.00624079798781226,-4.79466023226066,K,480.658629422559,13.6186783430648,other,water,65,10,0.89,202,8.1,1.34,3,unknown,unknown,unknown,168,1,unknown,UM
118,31.533333,120.683333,AS,0.0301333333333333,0.0117149569274903,-3.50212330025212,K,1164.1965713912,16.0074714996435,other,water,35,35,2.03,109.859531772575,7.6,0.671170568561873,4,unknown,unknown,unknown,112.5,1,unknown,O
118,31.533333,120.683333,AS,0.0282666666666667,0.0096097671612105,-3.56607202485239,K,1164.1965713912,16.0074714996435,other,water,35,35,2.03,109.859531772575,7.6,0.671170568561873,4,unknown,unknown,unknown,150,1,unknown,O
118,31.533333,120.683333,AS,0.0296808510638298,0.00881503635523595,-3.51725318643673,K,1164.1965713912,16.0074714996435,other,water,35,35,2.03,109.859531772575,7.6,0.671170568561873,4,unknown,unknown,unknown,188,1,unknown,O
118,31.533333,120.683333,AS,0.0108148148148148,0.0153726328264435,-4.52683834271818,K,1164.1965713912,16.0074714996435,other,water,35,35,2.03,109.859531772575,7.6,0.671170568561873,4,unknown,unknown,unknown,67.5,1,unknown,O
118,31.533333,120.683333,AS,0.0136666666666667,0.011897024320366,-4.29279550094594,K,1164.1965713912,16.0074714996435,other,water,35,35,2.03,109.859531772575,7.6,0.671170568561873,4,unknown,unknown,unknown,90,1,unknown,O
118,31.533333,120.683333,AS,0.0146666666666667,0.00982746051200419,-4.22217793373199,K,1164.1965713912,16.0074714996435,other,water,35,35,2.03,109.859531772575,7.6,0.671170568561873,4,unknown,unknown,unknown,112.5,1,unknown,O
120,31.266667,120.633333,AS,0.0174869109947644,0.00700946542279778,-4.04630262105802,K,1224.73105652579,16.4816094354309,other,water,35,35,2.03,179,6.5,1.22,3,unknown,unknown,unknown,191,1,unknown,UM
120,31.266667,120.633333,AS,0.0249738219895288,0.00814828436473429,-3.68992712314638,K,1224.73105652579,16.4816094354309,other,water,35,35,2.03,179,6.5,1.22,3,unknown,unknown,unknown,191,1,unknown,UM
120,31.266667,120.633333,AS,0.0186387434554974,0.00717370590903103,-3.98251288318269,K,1224.73105652579,16.4816094354309,other,water,35,35,2.03,179,6.5,1.22,3,unknown,unknown,unknown,191,1,unknown,UM
121,31.6,120.483333,AS,0.00072,0.00400972554862478,-7.23625934595417,K,1164.32760620939,16.1146554370764,other,water,35,35,1.5,188,6.8,1.19,3,unknown,unknown,unknown,250,1,unknown,UM
121,31.6,120.483333,AS,0.00092,0.00401727358630077,-6.99113688792119,K,1164.32760620939,16.1146554370764,other,water,35,35,1.5,188,6.8,1.19,3,unknown,unknown,unknown,250,1,unknown,UM
121,31.6,120.483333,AS,0.00072,0.00401357708884959,-7.23625934595417,K,1164.32760620939,16.1146554370764,other,water,35,35,1.5,188,6.8,1.19,3,unknown,unknown,unknown,250,1,unknown,UM
122,32.066667,118.966667,AS,0.0117692307692308,0.00487832225255218,-4.44226671505124,K,1064.67243492321,15.89827612522,vegetable,water,25,15,1.47,161,5.5,1.34,3,unknown,unknown,unknown,260,1,unknown,O
122,32.066667,118.966667,AS,0.011125,0.00366891410940692,-4.49856045092983,K,1064.67243492321,15.89827612522,vegetable,water,25,15,1.47,161,5.5,1.34,3,unknown,unknown,unknown,400,1,unknown,O
122,32.066667,118.966667,AS,0.0102307692307692,0.00309057668630651,-4.58235550822192,K,1064.67243492321,15.89827612522,vegetable,water,25,15,1.47,161,5.5,1.34,3,unknown,unknown,unknown,520,1,unknown,O
122,32.066667,118.966667,AS,0.0104,0.0103433845102905,-4.56594947283481,K,1064.67243492321,15.89827612522,vegetable,water,25,15,1.47,161,5.5,1.34,3,unknown,unknown,unknown,100,1,unknown,O
122,32.066667,118.966667,AS,0.00893333333333333,0.00701557199281011,-4.71796568013344,K,1064.67243492321,15.89827612522,vegetable,water,25,15,1.47,161,5.5,1.34,3,unknown,unknown,unknown,150,1,unknown,O
122,32.066667,118.966667,AS,0.0084,0.00538447060250153,-4.77952357313287,K,1064.67243492321,15.89827612522,vegetable,water,25,15,1.47,161,5.5,1.34,3,unknown,unknown,unknown,200,1,unknown,O
122,32.066667,118.966667,AS,0.0263333333333333,0.0180956673763943,-3.63691971518323,K,1064.67243492321,15.89827612522,vegetable,water,25,15,1.47,161,5.5,1.34,3,unknown,unknown,unknown,60,1,unknown,O
122,32.066667,118.966667,AS,0.0244444444444444,0.0127021561030829,-3.711352309966,K,1064.67243492321,15.89827612522,vegetable,water,25,15,1.47,161,5.5,1.34,3,unknown,unknown,unknown,90,1,unknown,O
122,32.066667,118.966667,AS,0.02125,0.0098402643738036,-3.85139838361171,K,1064.67243492321,15.89827612522,vegetable,water,25,15,1.47,161,5.5,1.34,3,unknown,unknown,unknown,120,1,unknown,O
122,32.066667,118.966667,AS,0.0135238095238095,0.00422797848610764,-4.30330347854435,K,1064.67243492321,15.89827612522,vegetable,water,25,15,1.47,161,5.5,1.34,3,unknown,unknown,unknown,420,1,unknown,O
122,32.066667,118.966667,AS,0.012484375,0.00343228164731415,-4.38327741657553,K,1064.67243492321,15.89827612522,vegetable,water,25,15,1.47,161,5.5,1.34,3,unknown,unknown,unknown,640,1,unknown,O
122,32.066667,118.966667,AS,0.0113690476190476,0.00297008568198002,-4.47686073734472,K,1064.67243492321,15.89827612522,vegetable,water,25,15,1.47,161,5.5,1.34,3,unknown,unknown,unknown,840,1,unknown,O
123,46.683333,132.0166667,AS,0.0355238095238095,0.00563560112144215,-3.3375521165018,K,1064.67243492321,15.89827612522,other,water,13,38,1.96,161,6.5,1.19,4,unknown,no,yes,200,>3,unknown,MF
123,46.683333,132.0166667,AS,0.0226666666666667,0.00808258158016361,-3.78685986247414,H,588.4551825472,4.05545983643367,other,water,13,38,1.96,306,6.5,1.19,4,unknown,no,yes,160,>3,unknown,MF
123,46.683333,132.0166667,AS,0.00104761904761905,0.00626529378800388,-6.86123526334724,H,588.4551825472,4.05545983643367,other,water,13,38,1.96,306,6.5,1.19,4,unknown,no,yes,160,>3,unknown,O
123,46.683333,132.0166667,AS,0.00504761904761905,0.00649037749287359,-5.28883862259349,H,588.4551825472,4.05545983643367,other,water,13,38,1.96,306,6.5,1.19,4,unknown,no,yes,160,>3,unknown,O
123,46.683333,132.0166667,AS,0.0186666666666667,0.0068033195022724,-3.9810158769151,H,588.4551825472,4.05545983643367,other,water,13,38,1.96,306,6.5,1.19,4,unknown,no,yes,160,>3,unknown,O
123,46.683333,132.0166667,AS,0.017630979498861,0.0052652160449501,-4.03809772547354,H,588.4551825472,4.05545983643367,other,water,13,38,1.96,306,6.5,1.19,4,unknown,no,yes,200,>3,unknown,MF
123,46.683333,132.0166667,AS,0.0165831435079727,0.00647380539173059,-4.09936855086657,H,588.4551825472,4.05545983643367,other,water,13,38,1.96,306,6.5,1.19,4,unknown,no,yes,160,>3,unknown,MF
123,46.683333,132.0166667,AS,0.00314350797266515,0.00626996810199223,-5.76241591390606,H,588.4551825472,4.05545983643367,other,water,13,38,1.96,306,6.5,1.19,4,unknown,no,yes,160,>3,unknown,O
123,46.683333,132.0166667,AS,0.00309794988610478,0.00631095278068217,-5.77701471332721,H,588.4551825472,4.05545983643367,other,water,13,38,1.96,306,6.5,1.19,4,unknown,no,yes,160,>3,unknown,O
123,46.683333,132.0166667,AS,0.00391799544419134,0.00627526144873662,-5.54217512224981,H,588.4551825472,4.05545983643367,other,water,13,38,1.96,306,6.5,1.19,4,unknown,no,yes,160,>3,unknown,O
124,36.966667,117.9833333,AS,0.0033,0.0037221325460606,-5.7138328105097,H,588.4551825472,4.05545983643367,other,water,16.8,17.1,1.028,306,8.29,1.42,3,unknown,yes,yes,270,>3,unknown,MF
124,36.966667,117.9833333,AS,0.0052,0.00309017420457669,-5.25909665339476,K,636.344838620003,13.5522990774406,other,water,16.8,17.1,1.028,225,8.29,1.42,3,unknown,yes,yes,330,>3,unknown,MF
125,31.61666667,120.4666667,AS,0.0034,0.00560863531738843,-5.68397984736002,K,636.344838620003,13.5522990774406,other,water,27.9,31,1.5,225,6.8,1.2,3,unknown,no,yes,180,>3,unknown,MF
126,45.38333333,-93.88333333,NAm,0.00384209009701277,0.00539637269726181,-5.56173876436082,K,1164.32760620939,16.1146554370764,other,water,82,8,1.218,188,4.85,1.28999996185303,4,unknown,yes,yes,185.6,>3,unknown,MF
126,45.38333333,-93.88333333,NAm,0.00051027759100951,0.00539004268964495,-7.58055568422422,H,788.8034622587,7.11235641512549,other,water,82,8,1.218,251,4.85,1.28999996185303,4,unknown,yes,yes,185.6,>3,unknown,MF
126,45.38333333,-93.88333333,NAm,0.00186101239074057,0.00540922784551875,-6.28663464323534,H,788.8034622587,7.11235641512549,other,water,82,8,1.218,251,4.85,1.28999996185303,4,unknown,yes,yes,185.6,>3,unknown,MF
126,45.38333333,-93.88333333,NAm,0.0014407837863798,0.00547262103949418,-6.54256801737254,H,788.8034622587,7.11235641512549,other,water,82,8,1.218,251,4.85,1.28999996185303,4,unknown,yes,yes,185.6,>3,unknown,MF
126,45.38333333,-93.88333333,NAm,3.45e-05,0.00538825699445035,-10.274551233927,H,788.8034622587,7.11235641512549,other,water,82,8,1.218,251,4.85,1.28999996185303,4,unknown,yes,yes,185.6,>3,unknown,MF
126,45.38333333,-93.88333333,NAm,3.45e-05,0.0053887095342747,-10.274551233927,H,788.8034622587,7.11235641512549,other,water,82,8,1.218,251,4.85,1.28999996185303,4,unknown,yes,yes,185.6,>3,unknown,MF
127,31.61666667,120.05,AS,0.0057,0.00335844375335429,-5.16728910414163,H,788.8034622587,7.11235641512549,other,water,0.7,16.4,1.49,251,6.2,1.39999997615814,3,unknown,no,yes,300,>3,unknown,MF
127,31.61666667,120.05,AS,0.0038,0.00477699513707964,-5.5727542122498,K,1164.32760620939,16.1146554370764,other,water,0.7,16.4,1.49,173,6.2,1.39999997615814,3,unknown,no,yes,210,1,unknown,O
127,34.1,119.6,AS,0.006,0.00340108969465833,-5.11599580975408,K,1164.32760620939,16.1146554370764,other,water,1.8,44.8,1.44,173,8.29,1.37000000476837,3,unknown,no,yes,300,>3,unknown,MF
127,34.1,119.6,AS,0.0054,0.00480227018625555,-5.22135632541191,K,875.351739922988,14.4793105800476,other,water,1.8,44.8,1.44,209,8.29,1.37000000476837,3,unknown,no,yes,210,1,unknown,O
128,40.53333333,-3.283333333,EU,0.00388888888888889,0.00566784664548255,-5.54963179482894,K,875.351739922988,14.4793105800476,other,water,55,28,0.81,209,7.6,1.4,3,unknown,yes,yes,180,1,unknown,MF
128,40.53333333,-3.283333333,EU,0.00111111111111111,0.00566784664548255,-6.80239476332431,K,456.441387497146,13.8364944978692,other,water,55,28,0.81,247,7.6,1.4,3,unknown,yes,yes,180,>3,unknown,O
129,40.53333333,-3.283333333,EU,0.00216666666666667,0.00632097559798233,-6.13456539074866,K,456.441387497146,13.8364944978692,other,water,55,28,0.81,247,7.6,1.4,3,unknown,yes,yes,180,1,unknown,MF
129,40.53333333,-3.283333333,EU,0.00294444444444445,0.00632097559798233,-5.82783512332618,K,456.441387497146,13.8364944978692,other,water,55,28,0.81,247,7.6,1.4,3,unknown,yes,yes,180,1,unknown,MF
129,40.53333333,-3.283333333,EU,0.000722222222222222,0.00632097559798233,-7.23317767941677,K,456.441387497146,13.8364944978692,other,water,55,28,0.81,247,7.6,1.4,3,unknown,yes,yes,180,1,unknown,O
129,40.53333333,-3.283333333,EU,0.00105555555555556,0.00632097559798233,-6.85368805771186,K,456.441387497146,13.8364944978692,other,water,55,28,0.81,247,7.6,1.4,3,unknown,yes,yes,180,1,unknown,O
129,40.53333333,-3.283333333,EU,0.005,0.00632097559798233,-5.29831736654804,K,456.441387497146,13.8364944978692,other,water,55,28,0.81,247,7.6,1.4,3,unknown,yes,yes,180,>3,unknown,MF
129,40.53333333,-3.283333333,EU,0.006,0.00632097559798233,-5.11599580975408,K,456.441387497146,13.8364944978692,other,water,55,28,0.81,247,7.6,1.4,3,unknown,yes,yes,180,>3,unknown,MF
129,40.53333333,-3.283333333,EU,0.0776111111111111,0.00769506281777786,-2.55604467762134,K,456.441387497146,13.8364944978692,other,water,55,28,0.81,247,7.6,1.4,3,unknown,yes,yes,180,1,unknown,MF
129,40.53333333,-3.283333333,EU,0.0478333333333333,0.00769506281777786,-3.04003253245057,K,456.441387497146,13.8364944978692,other,water,55,28,0.81,247,7.6,1.4,3,unknown,yes,yes,180,1,unknown,MF
129,40.53333333,-3.283333333,EU,0.0205,0.00769506281777786,-3.88733039283777,K,456.441387497146,13.8364944978692,other,water,55,28,0.81,247,7.6,1.4,3,unknown,yes,yes,180,1,unknown,O
129,40.53333333,-3.283333333,EU,0.0095,0.00769506281777786,-4.65646348037564,K,456.441387497146,13.8364944978692,other,water,55,28,0.81,247,7.6,1.4,3,unknown,yes,yes,180,1,unknown,O
129,40.53333333,-3.283333333,EU,0.000666666666666667,0.00769506281777786,-7.3132203870903,K,456.441387497146,13.8364944978692,other,water,55,28,0.81,247,7.6,1.4,3,unknown,yes,yes,180,>3,unknown,MF
129,40.53333333,-3.283333333,EU,5e-04,0.00769506281777786,-7.60090245954208,K,456.441387497146,13.8364944978692,other,water,55,28,0.81,247,7.6,1.4,3,unknown,yes,yes,180,>3,unknown,MF
130,31.3012,120.4682,AS,0.0017,0.00666699999166708,-6.37712702791997,K,456.441387497146,13.8364944978692,other,water,18.2,39.8,2.026,247,5.6,1.25,4,unknown,no,yes,150,>3,unknown,MF
130,31.3012,120.4682,AS,0.0016,0.00800159984003199,-6.4377516497364,K,1261.29312447844,16.5060347489927,other,water,18.2,39.8,2.026,193,5.6,1.25,4,unknown,no,yes,125,>3,unknown,MF
130,31.3012,120.4682,AS,0.0016,0.00800159984003199,-6.4377516497364,K,1261.29312447844,16.5060347489927,other,water,18.2,39.8,2.026,193,5.6,1.25,4,unknown,no,yes,125,>3,unknown,O
130,31.3012,120.4682,AS,0.0015,0.00800159984003199,-6.50229017087397,K,1261.29312447844,16.5060347489927,other,water,18.2,39.8,2.026,193,5.6,1.25,4,unknown,no,yes,125,>3,unknown,O
130,31.3012,120.4682,AS,6e-04,0.0080003999900005,-7.41858090274813,K,1261.29312447844,16.5060347489927,other,water,18.2,39.8,2.026,193,5.6,1.25,4,unknown,no,yes,125,>3,unknown,O
130,31.3012,120.4682,AS,4e-04,0.008,-7.82404601085629,K,1261.29312447844,16.5060347489927,other,water,18.2,39.8,2.026,193,5.6,1.25,4,unknown,no,yes,125,>3,unknown,O
130,31.3012,120.4682,AS,3e-04,0.0080003999900005,-8.11172808330807,K,1261.29312447844,16.5060347489927,other,water,18.2,39.8,2.026,193,5.6,1.25,4,unknown,no,yes,125,>3,unknown,O
131,31.5,120.55,AS,0.0067,0.00417686252533592,-5.00564775258522,K,1261.29312447844,16.5060347489927,other,water,42.8,18.6,1.703,193,7.71,1.035,4,unknown,yes,yes,240,>3,unknown,MF
131,31.5,120.55,AS,8e-04,0.00416687499479193,-7.13089883029635,K,1224.73105652579,16.4816094354309,other,water,42.8,18.6,1.703,174,7.66,1.035,4,unknown,yes,yes,240,>3,unknown,MF
132,31.2666,119.9,AS,0.0145,0.00530744266147092,-4.23360662955561,K,1224.73105652579,16.4816094354309,other,water,9.4,16.4,1.49,174,8.4,1.15,3,unknown,yes,unknown,190,>3,unknown,MF
132,31.2666,119.9,AS,0.0104,0.00533009668732324,-4.56594947283481,K,1245.92760520146,15.9985634300258,other,water,9.4,16.4,1.49,107.878378378378,8.4,1.15,3,unknown,yes,unknown,190,>3,unknown,O
132,31.2666,119.9,AS,0.0262,0.00394907912123916,-3.64199586821509,K,1245.92760520146,15.9985634300258,other,water,9.4,16.4,1.49,107.878378378378,8.4,1.15,3,unknown,yes,unknown,270,>3,unknown,MF
132,31.2666,119.9,AS,0.0129,0.00392399116080642,-4.35052796761451,K,1245.92760520146,15.9985634300258,other,water,9.4,16.4,1.49,107.878378378378,8.4,1.15,3,unknown,yes,unknown,270,>3,unknown,O
132,31.2666,119.9,AS,0.0121,0.0057500780246021,-4.41454982637944,K,1245.92760520146,15.9985634300258,other,water,9.4,16.4,1.49,107.878378378378,8.4,1.15,3,unknown,yes,unknown,190,>3,unknown,MF
132,31.2666,119.9,AS,0.0153,0.00563032826381056,-4.17990245058375,K,1245.92760520146,15.9985634300258,other,water,9.4,16.4,1.49,107.878378378378,8.4,1.15,3,unknown,yes,unknown,190,>3,unknown,O
132,31.2666,119.9,AS,0.0174,0.00456378297586054,-4.05128507276165,K,1245.92760520146,15.9985634300258,other,water,9.4,16.4,1.49,107.878378378378,8.4,1.15,3,unknown,yes,unknown,270,>3,unknown,MF
132,31.2666,119.9,AS,0.0119,0.00392399116080642,-4.43121687886465,K,1245.92760520146,15.9985634300258,other,water,9.4,16.4,1.49,107.878378378378,8.4,1.15,3,unknown,yes,unknown,270,>3,unknown,O
132,31.2666,119.9,AS,0.0133,0.0054727231818292,-4.31999124375443,K,1245.92760520146,15.9985634300258,other,water,9.4,16.4,1.49,107.878378378378,8.4,1.15,3,unknown,yes,unknown,190,>3,unknown,MF
132,31.2666,119.9,AS,0.01285,0.00545161472737519,-4.35441146764091,K,1245.92760520146,15.9985634300258,other,water,9.4,16.4,1.49,107.878378378378,8.4,1.15,3,unknown,yes,unknown,190,>3,unknown,O
132,31.2666,119.9,AS,0.0218,0.00421800890254705,-3.82584530918709,K,1245.92760520146,15.9985634300258,other,water,9.4,16.4,1.49,107.878378378378,8.4,1.15,3,unknown,yes,unknown,270,>3,unknown,MF
132,31.2666,119.9,AS,0.0124,0.00392399116080642,-4.39005880637115,K,1245.92760520146,15.9985634300258,other,water,9.4,16.4,1.49,107.878378378378,8.4,1.15,3,unknown,yes,unknown,270,>3,unknown,O
133,35,114.4,AS,0.006,0.00500099664985317,-5.11599580975408,K,1245.92760520146,15.9985634300258,other,water,68,15.8,0.741,107.878378378378,8.41,1.41,3,unknown,yes,yes,200,>3,unknown,MF
133,35,114.4,AS,0.0055,0.00500397165556174,-5.20300718674371,K,665.210354869222,15.2502875889213,other,water,68,15.8,0.741,216,8.41,1.41,3,unknown,yes,yes,200,>3,unknown,O
133,35,114.4,AS,0.0058,0.00501215325579733,-5.14989736142976,K,665.210354869222,15.2502875889213,other,water,68,15.8,0.741,216,8.41,1.41,3,unknown,yes,yes,200,>3,unknown,O
133,35,114.4,AS,0.0056,0.00501215325579733,-5.18498868124103,K,665.210354869222,15.2502875889213,other,water,68,15.8,0.741,216,8.41,1.41,3,unknown,yes,yes,200,>3,unknown,O
133,35,114.4,AS,0.0029,0.00501150917446044,-5.84304454198971,K,665.210354869222,15.2502875889213,other,water,68,15.8,0.741,216,8.41,1.41,3,unknown,yes,yes,200,>3,unknown,MF
133,35,114.4,AS,0.003,0.00501215325579733,-5.80914299031403,K,665.210354869222,15.2502875889213,other,water,68,15.8,0.741,216,8.41,1.41,3,unknown,yes,yes,200,>3,unknown,O
133,35,114.4,AS,0.0029,0.00505556484340943,-5.84304454198971,K,665.210354869222,15.2502875889213,other,water,68,15.8,0.741,216,8.41,1.41,3,unknown,yes,yes,200,>3,unknown,O
133,35,114.4,AS,0.0029,0.00507125873966004,-5.84304454198971,K,665.210354869222,15.2502875889213,other,water,68,15.8,0.741,216,8.41,1.41,3,unknown,yes,yes,200,>3,unknown,O
133,35,114.4,AS,0.0059,0.005000637878789,-5.13280292807046,K,665.210354869222,15.2502875889213,other,water,68,15.8,0.741,216,8.41,1.41,3,unknown,yes,yes,200,>3,unknown,MF
133,35,114.4,AS,0.0053,0.00500893179647585,-5.24004845842406,K,665.210354869222,15.2502875889213,other,water,68,15.8,0.741,216,8.41,1.41,3,unknown,yes,yes,200,>3,unknown,O
133,35,114.4,AS,0.0046,0.00501215325579733,-5.38169897548709,K,665.210354869222,15.2502875889213,other,water,68,15.8,0.741,216,8.41,1.41,3,unknown,yes,yes,200,>3,unknown,O
133,35,114.4,AS,0.0043,0.00501215325579733,-5.44914025628262,K,665.210354869222,15.2502875889213,other,water,68,15.8,0.741,216,8.41,1.41,3,unknown,yes,yes,200,>3,unknown,O
133,35,114.4,AS,0.0031,0.005000637878789,-5.77635316749104,K,665.210354869222,15.2502875889213,other,water,68,15.8,0.741,216,8.41,1.41,3,unknown,yes,yes,200,>3,unknown,MF
133,35,114.4,AS,0.0031,0.00500006208137969,-5.77635316749104,K,665.210354869222,15.2502875889213,other,water,68,15.8,0.741,216,8.41,1.41,3,unknown,yes,yes,200,>3,unknown,O
133,35,114.4,AS,0.0028,0.00500024832089408,-5.87813586180098,K,665.210354869222,15.2502875889213,other,water,68,15.8,0.741,216,8.41,1.41,3,unknown,yes,yes,200,>3,unknown,O
133,35,114.4,AS,0.003,0.00500223444426955,-5.80914299031403,K,665.210354869222,15.2502875889213,other,water,68,15.8,0.741,216,8.41,1.41,3,unknown,yes,yes,200,>3,unknown,O
133,35,114.4,AS,0.0084,0.00500398540838906,-4.77952357313287,K,665.210354869222,15.2502875889213,other,water,68,15.8,0.741,216,8.41,1.41,3,unknown,yes,yes,200,>3,unknown,MF
133,35,114.4,AS,0.0075,0.00500620432714266,-4.89285225843987,K,665.210354869222,15.2502875889213,other,water,68,15.8,0.741,216,8.41,1.41,3,unknown,yes,yes,200,>3,unknown,O
133,35,114.4,AS,0.007,0.0050015518033182,-4.96184512992682,K,665.210354869222,15.2502875889213,other,water,68,15.8,0.741,216,8.41,1.41,3,unknown,yes,yes,200,>3,unknown,O
133,35,114.4,AS,0.0069,0.00500397165556174,-4.97623386737892,K,665.210354869222,15.2502875889213,other,water,68,15.8,0.741,216,8.41,1.41,3,unknown,yes,yes,200,>3,unknown,O
133,35,114.4,AS,0.0024,0.005000637878789,-6.03228654162824,K,665.210354869222,15.2502875889213,other,water,68,15.8,0.741,216,8.41,1.41,3,unknown,yes,yes,200,>3,unknown,MF
133,35,114.4,AS,0.0019,0.00500006208137969,-6.26590139280974,K,665.210354869222,15.2502875889213,other,water,68,15.8,0.741,216,8.41,1.41,3,unknown,yes,yes,200,>3,unknown,O
133,35,114.4,AS,0.0019,0.00500024832089408,-6.26590139280974,K,665.210354869222,15.2502875889213,other,water,68,15.8,0.741,216,8.41,1.41,3,unknown,yes,yes,200,>3,unknown,O
133,35,114.4,AS,0.0024,0.00500304108167222,-6.03228654162824,K,665.210354869222,15.2502875889213,other,water,68,15.8,0.741,216,8.41,1.41,3,unknown,yes,yes,200,>3,unknown,O
134,40.65,-104.9833333,NAm,0.00269402985074627,0.00749306608792409,-5.91671712060017,K,665.210354869222,15.2502875889213,other,water,40.2,33.4,1.177,216,8.2806,1.45000004768372,3,unknown,yes,yes,134,1,unknown,MF
134,40.65,-104.9833333,NAm,0.00366517857142857,0.0045449245803737,-5.60887822138475,H,397.537937626757,9.20977027273212,other,water,40.2,33.4,1.177,187,8.2806,1.45000004768372,3,unknown,yes,yes,224,1,unknown,MF
134,40.65,-104.9833333,NAm,0.00158482142857143,0.00447943412819098,-6.44728354136176,H,397.537937626757,9.20977027273212,other,water,40.2,33.4,1.177,187,8.2806,1.45000004768372,3,unknown,yes,no,224,1,unknown,MF
134,40.65,-104.9833333,NAm,0.00411940298507463,0.00754332528192015,-5.49204703265595,H,397.537937626757,9.20977027273212,other,water,40.2,33.4,1.177,187,8.2806,1.45000004768372,3,unknown,yes,yes,134,1,unknown,MF
134,40.65,-104.9833333,NAm,0.00763839285714286,0.00480963932273039,-4.87456805694498,H,397.537937626757,9.20977027273212,other,water,40.2,33.4,1.177,187,8.2806,1.45000004768372,3,unknown,yes,yes,224,1,unknown,MF
134,40.65,-104.9833333,NAm,0.00217164179104478,0.00748151365434228,-6.13227181176156,H,397.537937626757,9.20977027273212,other,water,40.2,33.4,1.177,187,8.2806,1.45000004768372,3,unknown,yes,no,134,1,unknown,MF
134,40.65,-104.9833333,NAm,0.00194196428571429,0.004487707961903,-6.24405529974849,H,397.537937626757,9.20977027273212,other,water,40.2,33.4,1.177,187,8.2806,1.45000004768372,3,unknown,yes,no,224,1,unknown,MF
135,34.925167,110.709833,AS,0.00366666666666667,0.0167340265859051,-5.60847229485188,H,397.537937626757,9.20977027273212,other,water,29.3,31.8,1.13,187,8.7,1.17,3,unknown,yes,yes,60,>3,unknown,MF
135,34.925167,110.709833,AS,0.00333333333333333,0.00834831897915849,-5.7037824746562,K,594.110355655181,13.5186783701995,other,water,29.3,31.8,1.13,228,8.7,1.17,3,unknown,yes,yes,120,>3,unknown,MF
135,34.925167,110.709833,AS,0.00266666666666667,0.00556914923721186,-5.92692602597041,K,594.110355655181,13.5186783701995,other,water,29.3,31.8,1.13,228,8.7,1.17,3,unknown,yes,yes,180,>3,unknown,MF
135,34.925167,110.709833,AS,0.00226666666666667,0.003337497154944,-6.08944495546819,K,594.110355655181,13.5186783701995,other,water,29.3,31.8,1.13,228,8.7,1.17,3,unknown,yes,yes,300,>3,unknown,MF
135,34.925167,110.709833,AS,0.00245,0.00252437968882126,-6.0116672544255,K,594.110355655181,13.5186783701995,other,water,29.3,31.8,1.13,228,8.7,1.17,3,unknown,yes,yes,400,>3,unknown,MF
135,34.925167,110.709833,AS,0.00346666666666667,0.013349988619776,-5.66456176150292,K,594.110355655181,13.5186783701995,other,water,29.3,31.8,1.13,228,8.7,1.17,3,unknown,yes,yes,75,>3,unknown,MF
135,34.925167,110.709833,AS,0.00253333333333333,0.00667865518332679,-5.97821932035796,K,594.110355655181,13.5186783701995,other,water,29.3,31.8,1.13,228,8.7,1.17,3,unknown,yes,yes,150,>3,unknown,MF
135,34.925167,110.709833,AS,0.00276,0.0040001999832675,-5.89252459925308,K,594.110355655181,13.5186783701995,other,water,29.3,31.8,1.13,228,8.7,1.17,3,unknown,yes,yes,250,>3,unknown,MF
135,34.925167,110.709833,AS,0.00282857142857143,0.0029137221490569,-5.86798349033696,K,594.110355655181,13.5186783701995,other,water,29.3,31.8,1.13,228,8.7,1.17,3,unknown,yes,yes,350,>3,unknown,MF
135,34.925167,110.709833,AS,0.00264444444444444,0.00227069077736704,-5.93529427564093,K,594.110355655181,13.5186783701995,other,water,29.3,31.8,1.13,228,8.7,1.17,3,unknown,yes,yes,450,>3,unknown,MF
136,35,114.4,AS,9e-04,0.00500399816679956,-7.01311579463996,K,594.110355655181,13.5186783701995,other,water,47,19,0.684,228,8.63,1.44,3,unknown,yes,yes,200,>3,unknown,MF
136,35,114.4,AS,5e-04,0.00500024997908438,-7.60090245954208,K,665.210354869222,15.2502875889213,other,water,47,19,0.684,216,8.63,1.44,3,unknown,yes,yes,200,>3,unknown,MF
137,40.31666667,-3.316667,EU,0.000149657142857143,0.00571433372360785,-8.80716359438603,K,414.575867398289,14.8066094730092,other,water,37,13,0.812,236,8.1,1.47,3,unknown,yes,yes,175,1,unknown,O
137,40.31666667,-3.316667,EU,0.00128394285714286,0.0057169704264709,-6.65781957848751,K,414.575867398289,14.8066094730092,other,water,37,13,0.812,236,8.1,1.47,3,unknown,yes,yes,175,1,unknown,MF
138,35,114.4,AS,0.006,0.00500099984136506,-5.11599580975408,K,414.575867398289,14.8066094730092,other,water,68,15.8,0.74,236,8.41,1.41,3,unknown,yes,yes,200,>3,unknown,MF
138,35,114.4,AS,0.0055,0.00500399816679956,-5.20300718674371,K,665.210354869222,15.2502875889213,other,water,68,15.8,0.74,216,8.41,1.41,3,unknown,yes,yes,200,>3,unknown,O
138,35,114.4,AS,0.0058,0.00501223431349068,-5.14989736142976,K,665.210354869222,15.2502875889213,other,water,68,15.8,0.74,216,8.41,1.41,3,unknown,yes,yes,200,>3,unknown,O
138,35,114.4,AS,0.0056,0.00501223431349068,-5.18498868124103,K,665.210354869222,15.2502875889213,other,water,68,15.8,0.74,216,8.41,1.41,3,unknown,yes,yes,200,>3,unknown,O
138,35,114.4,AS,0.0039,0.00503586922784935,-5.54677872584654,K,665.210354869222,15.2502875889213,other,water,68,15.8,0.74,216,8.41,1.41,3,unknown,yes,yes,200,>3,unknown,O
138,35,114.4,AS,0.0041,0.00500624573241599,-5.49676830527188,K,665.210354869222,15.2502875889213,other,water,68,15.8,0.74,216,8.41,1.41,3,unknown,yes,yes,200,>3,unknown,O
138,35,114.4,AS,0.0045,0.00504207052839737,-5.40367788220586,K,665.210354869222,15.2502875889213,other,water,68,15.8,0.74,216,8.41,1.41,3,unknown,yes,yes,200,>3,unknown,O
138,35,114.4,AS,0.0043,0.00500899138749509,-5.44914025628262,K,665.210354869222,15.2502875889213,other,water,68,15.8,0.74,216,8.41,1.41,3,unknown,yes,yes,200,>3,unknown,O
139,35,114.4,AS,0.009,0.00489209508227219,-4.71053070164592,K,665.210354869222,15.2502875889213,other,water,47,19,0.677,216,8.31,1.545,3,unknown,yes,no,225,>3,unknown,MF
139,35,114.4,AS,0.0104,0.00452395081815694,-4.56594947283481,K,665.210354869222,15.2502875889213,other,water,47,19,0.7045,216,8.31,1.43,3,unknown,yes,yes,225,>3,unknown,MF
139,35,114.4,AS,0.0051,0.00520177561484804,-5.27851473925186,K,665.210354869222,15.2502875889213,other,water,47,19,0.677,216,8.31,1.545,3,unknown,yes,no,195,1,unknown,MF
139,35,114.4,AS,0.0045,0.00517821474630003,-5.40367788220586,K,665.210354869222,15.2502875889213,other,water,47,19,0.7045,216,8.31,1.43,3,unknown,yes,no,195,1,unknown,MF
140,31.266667,105.45,AS,0.002,0.00769692169313784,-6.21460809842219,K,665.210354869222,15.2502875889213,other,water,44,24,0.557,216,8.11,1.28,3,unknown,no,yes,130,1,unknown,MF
141,40.53333333,-3.283333333,EU,0.00892,0.00400239928043168,-4.71945933239022,N,924.517253957946,16.6666669516728,other,water,55,28,0.82,271,7.9,1.4,3,unknown,yes,yes,250,1,unknown,MF
141,40.53333333,-3.283333333,EU,0.00288,0.00404481561178422,-5.84996498483428,K,456.441387497146,13.8364944978692,other,water,55,28,0.82,247,7.9,1.4,3,unknown,yes,yes,250,1,unknown,O
141,40.53333333,-3.283333333,EU,0.0014,0.00457331389694607,-6.57128304236092,K,456.441387497146,13.8364944978692,other,water,55,28,0.82,247,7.9,1.4,3,unknown,yes,yes,250,1,unknown,O
141,40.53333333,-3.283333333,EU,0.00044,0.00402154199281818,-7.72873583105197,K,456.441387497146,13.8364944978692,other,water,55,28,0.82,247,7.9,1.4,3,unknown,yes,yes,250,1,unknown,MF
141,40.53333333,-3.283333333,EU,1e-04,0.00400426439353514,-9.21034037197618,K,456.441387497146,13.8364944978692,other,water,55,28,0.82,247,7.9,1.4,3,unknown,yes,yes,250,1,unknown,O
141,40.53333333,-3.283333333,EU,3.45e-05,0.00400059995500675,-10.274551233927,K,456.441387497146,13.8364944978692,other,water,55,28,0.82,247,7.9,1.4,3,unknown,yes,yes,250,1,unknown,O
142,38.1566,115.0635,AS,0.0034,0.00607150471211526,-5.68397984736002,K,456.441387497146,13.8364944978692,other,water,37,29,0.87,247,8.8,1.3,3,unknown,yes,unknown,165,>3,unknown,MF
142,38.1566,115.0635,AS,0.0033,0.00856792190340286,-5.7138328105097,K,504.493112780411,14.2149427665034,other,water,37,29,0.87,168.218068535826,8.8,1.3,3,unknown,yes,unknown,117,>3,unknown,MF
142,38.1566,115.0635,AS,0.0037,0.00858963478832881,-5.59942245933196,K,504.493112780411,14.2149427665034,other,water,37,29,0.87,168.218068535826,8.8,1.3,3,unknown,yes,unknown,117,>3,unknown,MF
142,38.1566,115.0635,AS,0.0046,0.00573722656550287,-5.38169897548709,K,504.493112780411,14.2149427665034,other,water,37,29,0.87,168.218068535826,8.8,1.3,3,unknown,yes,unknown,176,>3,unknown,MF
142,38.1566,115.0635,AS,0.0231,0.00842119348131127,-3.76792266145439,K,504.493112780411,14.2149427665034,other,water,37,29,0.87,168.218068535826,8.8,1.3,3,unknown,yes,unknown,123,>3,unknown,MF
142,38.1566,115.0635,AS,0.0089,0.00817911752712935,-4.72170400224404,K,504.493112780411,14.2149427665034,other,water,37,29,0.87,168.218068535826,8.8,1.3,3,unknown,yes,unknown,123,>3,unknown,MF
143,31.4,120.4166667,AS,0.000723809523809524,0.00380957142827381,-7.23098228885333,K,504.493112780411,14.2149427665034,other,water,38,25,1.14,168.218068535826,5.95,1.2,4,unknown,no,yes,262.5,>3,unknown,MF
143,31.4,120.4166667,AS,0.000711111111111111,0.00444449999965278,-7.24868186595273,K,1261.29312447844,16.5060347489927,other,water,38,25,1.14,88.946127946128,5.95,1.2,4,unknown,no,yes,225,>3,unknown,MF
143,31.4,120.4166667,AS,0.000933333333333333,0.00444449999965278,-6.97674815046909,K,1261.29312447844,16.5060347489927,other,water,38,25,1.14,88.946127946128,5.95,1.2,4,unknown,no,yes,225,>3,unknown,O
143,31.4,120.4166667,AS,0.000711111111111111,0.00444466666111139,-7.24868186595273,K,1261.29312447844,16.5060347489927,other,water,38,25,1.14,88.946127946128,5.95,1.2,4,unknown,no,yes,225,>3,unknown,O
144,36.1703,140.2209,AS,0.00026,0.0066722676471763,-8.25482892694875,K,1261.29312447844,16.5060347489927,other,water,48,1,8.78700065612793,88.946127946128,6.1,0.73,4,unknown,no,yes,150,1,unknown,O
144,36.1703,140.2209,AS,0.0027,0.00669958622271223,-5.91450350597185,K,1346.45864174284,14.0135059757479,other,water,48,1,8.78700065612793,260,6.1,0.73,4,unknown,no,yes,150,>3,unknown,MF
144,36.1703,140.2209,AS,0.0016,0.00401093704762366,-6.4377516497364,K,1346.45864174284,14.0135059757479,other,water,48,1,8.78700065612793,260,6.1,0.73,4,unknown,no,yes,250,>3,unknown,MF
145,36.96666667,117.9833333,AS,0.00339566109970593,0.00374657290213221,-5.68525680947453,K,1346.45864174284,14.0135059757479,other,water,17,17,1.028,260,8.29,1.42,3,unknown,yes,yes,269,>3,unknown,MF
145,36.96666667,117.9833333,AS,0.00258706467661692,0.00556979354714893,-5.95723137546574,K,636.344838620003,13.5522990774406,other,water,17,17,1.028,225,8.29,1.42,3,unknown,yes,yes,180,>3,unknown,MF
145,36.96666667,117.9833333,AS,0.0055359565807327,0.00305402457779868,-5.19649090377327,K,636.344838620003,13.5522990774406,other,water,17,17,1.028,225,8.29,1.42,3,unknown,yes,yes,330,>3,unknown,MF
145,36.96666667,117.9833333,AS,0.00723880597014925,0.00442590646684564,-4.92829900743562,K,636.344838620003,13.5522990774406,other,water,17,17,1.028,225,8.29,1.42,3,unknown,yes,yes,240,>3,unknown,MF
145,36.96666667,117.9833333,AS,0.00039830058417419,0.00371806474615213,-7.82830360110893,K,636.344838620003,13.5522990774406,other,water,17,17,1.028,225,8.29,1.42,3,unknown,yes,yes,269,>3,unknown,MF
145,36.96666667,117.9833333,AS,0.00337301587301587,0.00561195528849562,-5.6919480170092,K,636.344838620003,13.5522990774406,other,water,17,17,1.028,225,8.29,1.42,3,unknown,yes,yes,180,>3,unknown,MF
145,36.96666667,117.9833333,AS,0.00362554112554113,0.00303078611125735,-5.61975172580471,K,636.344838620003,13.5522990774406,other,water,17,17,1.028,225,8.29,1.42,3,unknown,yes,yes,330,>3,unknown,MF
145,36.96666667,117.9833333,AS,0.00424107142857143,0.00429489428253457,-5.46293934624259,K,636.344838620003,13.5522990774406,other,water,17,17,1.028,225,8.29,1.42,3,unknown,yes,yes,240,>3,unknown,MF
146,36.96666667,117.9833333,AS,0.0034,0.00373027350211063,-5.68397984736002,K,636.344838620003,13.5522990774406,other,water,17,17,1.028,225,8.3,1.42,3,unknown,yes,unknown,270,>3,unknown,MF
146,36.96666667,117.9833333,AS,0.0026,0.00556554598610566,-5.9522438339547,K,636.344838620003,13.5522990774406,other,water,17,17,1.028,225,8.3,1.42,3,unknown,yes,unknown,180,>3,unknown,MF
146,36.96666667,117.9833333,AS,0.0013,0.00557800886196836,-6.64539101451465,K,636.344838620003,13.5522990774406,other,water,17,17,1.028,225,8.3,1.42,3,unknown,yes,unknown,180,1,unknown,O
146,36.96666667,117.9833333,AS,4e-04,0.00370444432693708,-7.82404601085629,K,636.344838620003,13.5522990774406,other,water,17,17,1.028,225,8.3,1.42,3,unknown,yes,unknown,270,>3,unknown,MF
146,36.96666667,117.9833333,AS,0.0034,0.00560230058710819,-5.68397984736002,K,636.344838620003,13.5522990774406,other,water,17,17,1.028,225,8.3,1.42,3,unknown,yes,unknown,180,>3,unknown,MF
146,36.96666667,117.9833333,AS,0.0013,0.00558326261241373,-6.64539101451465,K,636.344838620003,13.5522990774406,other,water,17,17,1.028,225,8.3,1.42,3,unknown,yes,unknown,180,1,unknown,O
146,36.96666667,117.9833333,AS,0.0049,0.00305204195627233,-5.31852007386556,K,636.344838620003,13.5522990774406,other,water,17,17,1.028,225,8.3,1.42,3,unknown,yes,unknown,330,>3,unknown,MF
146,36.96666667,117.9833333,AS,0.0063,0.00444271401139405,-5.06720564558465,K,636.344838620003,13.5522990774406,other,water,17,17,1.028,225,8.3,1.42,3,unknown,yes,unknown,240,>3,unknown,MF
146,36.96666667,117.9833333,AS,0.0051,0.00422644268706403,-5.27851473925186,K,636.344838620003,13.5522990774406,other,water,17,17,1.028,225,8.3,1.42,3,unknown,yes,unknown,240,>3,unknown,MF
146,36.96666667,117.9833333,AS,0.0037,0.00420172544033114,-5.59942245933196,K,636.344838620003,13.5522990774406,other,water,17,17,1.028,225,8.3,1.42,3,unknown,yes,unknown,240,1,unknown,O
146,36.96666667,117.9833333,AS,0.0037,0.00303045453277841,-5.59942245933196,K,636.344838620003,13.5522990774406,other,water,17,17,1.028,225,8.3,1.42,3,unknown,yes,unknown,330,>3,unknown,MF
146,36.96666667,117.9833333,AS,0.0043,0.00430518912132445,-5.44914025628262,K,636.344838620003,13.5522990774406,other,water,17,17,1.028,225,8.3,1.42,3,unknown,yes,unknown,240,>3,unknown,MF
146,36.96666667,117.9833333,AS,6e-04,0.00417415948957924,-7.41858090274813,K,636.344838620003,13.5522990774406,other,water,17,17,1.028,225,8.3,1.42,3,unknown,yes,unknown,240,>3,unknown,MF
146,36.96666667,117.9833333,AS,6e-04,0.0041874469593103,-7.41858090274813,K,636.344838620003,13.5522990774406,other,water,17,17,1.028,225,8.3,1.42,3,unknown,yes,unknown,240,1,unknown,O
147,32.584722,119.7,AS,0.0013,0.00444799857891442,-6.64539101451465,K,636.344838620003,13.5522990774406,other,water,57.8,13.6,1.84,225,8,1.16,4,unknown,no,no,225,>3,unknown,MF
147,32.584722,119.7,AS,0.0014,0.00446661138716484,-6.57128304236092,K,1038.7586402369,15.503448468344,other,water,57.8,13.6,1.84,244,8,1.16,4,unknown,no,no,225,>3,unknown,MF
147,32.584722,119.7,AS,0.0032,0.00445243725737536,-5.74460446917646,K,1038.7586402369,15.503448468344,other,water,57.8,13.6,1.84,244,8,1.16,4,unknown,no,yes,225,>3,unknown,MF
147,32.584722,119.7,AS,0.0032,0.00449416631470149,-5.74460446917646,K,1038.7586402369,15.503448468344,other,water,57.8,13.6,1.84,244,8,1.16,4,unknown,no,yes,225,>3,unknown,MF
148,31.266667,120.6333333,AS,0.0397905759162304,0.00533940167751417,-3.22412518075434,K,1038.7586402369,15.503448468344,other,water,10.9,29.9,2.15,244,6.6,1.22,2,unknown,no,yes,191,>3,unknown,MF
148,31.266667,120.6333333,AS,0.0183246073298429,0.00639097404292967,-3.99951045955126,K,1224.73105652579,16.4816094354309,other,water,10.9,29.9,2.15,179,6.6,1.22,2,unknown,no,yes,191,>3,unknown,MF
148,31.61666667,120.4666667,AS,0.00222222222222222,0.00558319881909089,-6.10924758276437,K,1224.73105652579,16.4816094354309,other,water,27.9,31,1.5,179,6.8,1.2,3,unknown,no,no,180,>3,unknown,MF
148,31.61666667,120.4666667,AS,0.00277777777777778,0.00580052502235612,-5.88610403145016,K,1164.32760620939,16.1146554370764,other,water,27.9,31,1.5,188,6.8,1.2,3,unknown,no,yes,180,>3,unknown,MF
148,32.58333333,119.7,AS,0.00133333333333333,0.00446661138716484,-6.62007320653036,K,1164.32760620939,16.1146554370764,other,water,58,14,1.84,188,8,1.16,4,unknown,no,no,225,>3,unknown,MF
148,32.58333333,119.7,AS,0.00311111111111111,0.00446661138716484,-5.77277534614315,K,1038.7586402369,15.503448468344,other,water,58,14,1.84,244,8,1.16,4,unknown,no,yes,225,>3,unknown,MF
148,32.58333333,119.7,AS,0.00133333333333333,0.00446661138716484,-6.62007320653036,K,1038.7586402369,15.503448468344,other,water,58,14,1.84,244,8,1.16,4,unknown,no,no,225,>3,unknown,MF
148,32.58333333,119.7,AS,0.00311111111111111,0.00446661138716484,-5.77277534614315,K,1038.7586402369,15.503448468344,other,water,58,14,1.84,244,8,1.16,4,unknown,no,yes,225,>3,unknown,MF
149,32.584722,119.7,AS,0.0031,0.00666799978848674,-5.77635316749104,K,1038.7586402369,15.503448468344,other,water,58,14,1.84,244,8,0.975,3,unknown,no,yes,150,>3,unknown,MF
149,32.584722,119.7,AS,0.0032,0.0044479983704885,-5.74460446917646,K,1038.7586402369,15.503448468344,other,water,58,14,1.84,244,8,0.975,3,unknown,no,yes,225,>3,unknown,MF
149,32.584722,119.7,AS,0.0057,0.00669361063436203,-5.16728910414163,K,1038.7586402369,15.503448468344,other,water,58,14,1.84,244,8,0.975,3,unknown,no,yes,150,>3,unknown,MF
149,32.584722,119.7,AS,0.0083,0.0047236570825036,-4.79149976417958,K,1038.7586402369,15.503448468344,other,water,58,14,1.84,244,8,0.975,3,unknown,no,yes,225,>3,unknown,MF
149,32.584722,119.7,AS,0.0059,0.0067986850144661,-5.13280292807046,K,1038.7586402369,15.503448468344,other,water,58,14,1.84,244,8,0.975,3,unknown,no,yes,150,>3,unknown,MF
149,32.584722,119.7,AS,0.0071,0.00448778611346002,-4.94766049493487,K,1038.7586402369,15.503448468344,other,water,58,14,1.84,244,8,0.975,3,unknown,no,yes,225,>3,unknown,MF
149,32.584722,119.7,AS,0.0023,0.00666799978848674,-6.07484615604703,K,1038.7586402369,15.503448468344,other,water,58,14,1.84,244,8,0.975,3,unknown,no,yes,150,>3,unknown,MF
149,32.584722,119.7,AS,0.003,0.0046035857697835,-5.80914299031403,K,1038.7586402369,15.503448468344,other,water,58,14,1.84,244,8,0.975,3,unknown,no,yes,225,>3,unknown,MF
150,36.81666667,117.45,AS,0.0032,0.0100079963335991,-5.74460446917646,K,1038.7586402369,15.503448468344,other,water,21,25,0.962,244,8.1,1.38,3,unknown,yes,yes,100,>3,unknown,MF
150,36.81666667,117.45,AS,0.0031,0.00667499430988799,-5.77635316749104,K,623.241388135429,14.479597922907,other,water,21,25,0.962,198,8.1,1.38,3,unknown,yes,yes,150,>3,unknown,MF
150,36.81666667,117.45,AS,0.003,0.00556249525823999,-5.80914299031403,K,623.241388135429,14.479597922907,other,water,21,25,0.962,198,8.1,1.38,3,unknown,yes,yes,180,>3,unknown,MF
150,36.96666667,117.9833333,AS,0.00991666666666667,0.00427544851556644,-4.61353843565861,K,623.241388135429,14.479597922907,other,water,17,17,1.03,198,8.29,1.42,3,unknown,yes,no,240,>3,unknown,MF
150,36.96666667,117.9833333,AS,0.00511111111111111,0.00559541025316594,-5.27633845982926,K,636.344838620003,13.5522990774406,other,water,17,17,1.03,225,8.29,1.42,3,unknown,yes,yes,180,>3,unknown,MF
150,36.81666667,117.45,AS,0.00306666666666667,0.00667499430988799,-5.78716408359525,K,636.344838620003,13.5522990774406,other,water,21,25,0.962,225,8.1,1.38,3,unknown,yes,yes,150,>3,unknown,MF
150,36.81666667,117.45,AS,0.00173333333333333,0.00667199755573274,-6.35770894206287,K,623.241388135429,14.479597922907,other,water,21,25,0.962,198,8.1,1.38,3,unknown,yes,yes,150,>3,unknown,MF
151,38.71,115.25,AS,0.01930896,0.00933871566198097,-3.94718604209672,K,623.241388135429,14.479597922907,other,water,47,19,0.89,198,8.1,1.26,3,unknown,yes,no,168,>3,unknown,MF
151,38.71,115.25,AS,0.00851513142857143,0.00670707631713458,-4.76591053003987,K,480.658629422559,13.6186783430648,other,water,47,19,0.89,202,8.1,1.26,3,unknown,yes,no,168,>3,unknown,MF
152,36.7,117.9,AS,0.0021,0.00529126981913691,-6.16581793425276,K,480.658629422559,13.6186783430648,other,water,44,20,1.0034,202,7.8,1.4,3,unknown,yes,yes,189,>3,unknown,MF
152,36.7,117.9,AS,0.0027,0.00372217507494248,-5.91450350597185,K,636.344838620003,13.5522990774406,other,water,44,20,1.0034,187.627388535032,7.8,1.4,3,unknown,yes,yes,270,>3,unknown,MF
152,36.7,117.9,AS,0.0021,0.00376322195667475,-6.16581793425276,K,636.344838620003,13.5522990774406,other,water,44,20,1.0034,187.627388535032,7.8,1.4,3,unknown,yes,yes,270,>3,unknown,MF
152,36.7,117.9,AS,0.0034,0.00436542902891547,-5.68397984736002,K,636.344838620003,13.5522990774406,other,water,44,20,1.0034,187.627388535032,7.8,1.4,3,unknown,yes,yes,231,>3,unknown,MF
152,36.7,117.9,AS,0.0042,0.00304541597040749,-5.47267075369282,K,636.344838620003,13.5522990774406,other,water,44,20,1.0034,187.627388535032,7.8,1.4,3,unknown,yes,yes,330,>3,unknown,MF
152,36.7,117.9,AS,0.0038,0.00310941710223014,-5.5727542122498,K,636.344838620003,13.5522990774406,other,water,44,20,1.0034,187.627388535032,7.8,1.4,3,unknown,yes,yes,330,>3,unknown,MF
153,31.4975,120.5196,AS,0.0127555555555556,0.00534628407372984,-4.36178837243289,K,636.344838620003,13.5522990774406,other,water,20.5,59.5,2.03,187.627388535032,7.6,1.21,4,unknown,no,yes,225,>3,unknown,MF
153,31.4975,120.5196,AS,0.0117333333333333,0.00425150460015693,-4.4453214850462,K,1224.73105652579,16.4816094354309,other,water,20.5,59.5,2.03,174,7.6,1.21,4,unknown,no,yes,300,>3,unknown,MF
153,31.4975,120.5196,AS,0.0142133333333333,0.00403284635212049,-4.25357478779266,K,1224.73105652579,16.4816094354309,other,water,20.5,59.5,2.03,174,7.6,1.21,4,unknown,no,yes,375,>3,unknown,MF
153,31.4975,120.5196,AS,0.0173422222222222,0.00588911943819728,-4.0546111600035,K,1224.73105652579,16.4816094354309,other,water,20.5,59.5,2.03,174,7.6,1.21,4,unknown,no,yes,225,>3,unknown,MF
153,31.4975,120.5196,AS,0.0165066666666667,0.00487748275542939,-4.1039909392739,K,1224.73105652579,16.4816094354309,other,water,20.5,59.5,2.03,174,7.6,1.21,4,unknown,no,yes,300,>3,unknown,MF
153,31.4975,120.5196,AS,0.0154986666666667,0.004229510891607,-4.16700128026237,K,1224.73105652579,16.4816094354309,other,water,20.5,59.5,2.03,174,7.6,1.21,4,unknown,no,yes,375,>3,unknown,MF
153,31.4975,120.5196,AS,0.00577777777777778,0.00766339105404311,-5.15373613773693,K,1224.73105652579,16.4816094354309,other,water,20.5,59.5,2.03,174,7.6,1.21,4,unknown,no,yes,135,>3,unknown,MF
153,31.4975,120.5196,AS,0.00644444444444444,0.00586277750251113,-5.04453684577194,K,1224.73105652579,16.4816094354309,other,water,20.5,59.5,2.03,174,7.6,1.21,4,unknown,no,yes,180,>3,unknown,MF
153,31.4975,120.5196,AS,0.00724444444444444,0.00483118230040568,-4.92752038738575,K,1224.73105652579,16.4816094354309,other,water,20.5,59.5,2.03,174,7.6,1.21,4,unknown,no,yes,225,>3,unknown,MF
153,31.4975,120.5196,AS,0.00503703703703704,0.00759943945039859,-5.29093725925041,K,1224.73105652579,16.4816094354309,other,water,20.5,59.5,2.03,174,7.6,1.21,4,unknown,no,yes,135,>3,unknown,MF
153,31.4975,120.5196,AS,0.00722222222222222,0.0058797962990772,-4.93059258642272,K,1224.73105652579,16.4816094354309,other,water,20.5,59.5,2.03,174,7.6,1.21,4,unknown,no,yes,180,>3,unknown,MF
153,31.4975,120.5196,AS,0.00742222222222222,0.00481483760714833,-4.90327677577576,K,1224.73105652579,16.4816094354309,other,water,20.5,59.5,2.03,174,7.6,1.21,4,unknown,no,yes,225,>3,unknown,MF
154,31.1457,120.602,AS,0.0249738219895288,0.00734386606102693,-3.68992712314638,K,1224.73105652579,16.4816094354309,other,water,21.7,41.3,2.026,93.8169491525424,6.5,1.22,3,unknown,no,yes,191,>3,unknown,MF
154,31.1457,120.602,AS,0.0186387434554974,0.00667752110800997,-3.98251288318269,K,1224.73105652579,16.4816094354309,other,water,21.7,41.3,2.026,93.8169491525424,6.5,1.22,2,unknown,no,yes,191,>3,unknown,MF
155,31.61277778,120.491111,AS,0.000983333333333333,0.00555583331009375,-6.92456239729852,K,1224.73105652579,16.4816094354309,other,water,30,37,1.4964,93.8169491525424,6.8,1.2,3,unknown,no,no,180,>3,unknown,MF
155,31.61277778,120.491111,AS,0.00162222222222222,0.00555655818402996,-6.42395832760407,K,1164.32760620939,16.1146554370764,other,water,30,37,1.4964,188,6.8,1.2,3,unknown,no,no,180,>3,unknown,MF
156,38.71,115.25,AS,0.00655658181818182,0.00571041981140436,-5.02728587612887,K,1164.32760620939,16.1146554370764,other,water,47,19,0.771,188,8.7,1.26,3,unknown,yes,unknown,176,>3,unknown,MF
156,38.71,115.25,AS,3.45e-05,0.00568182533036118,-10.274551233927,K,480.658629422559,13.6186783430648,other,water,47,19,0.771,202,8.7,1.26,3,unknown,yes,unknown,176,>3,unknown,O
