studyid,ef_mean,log_ef,lat,lon,region,GEnZ,prec,temp,crop_cat,sand,clay,soc,cec,ph,bd,n,phtype,measmethod,irr,tillage,ndose,nsplitc,appc,fert_cat
1,0.31,-1.17118298150295,-31.934,115.784,AU,N,996,18.6270118252984,grass,94,4,0.93,32.2,4.8,0.448585526315789,3,cacl2,unknown,,,50,1,unknown,AS
1,0.295,-1.22077992264232,-31.934,115.784,AU,N,996,18.6270118252984,grass,94,4,0.93,32.2,4.8,0.448585526315789,3,cacl2,unknown,,,100,1,unknown,AS
1,0.176666666666667,-1.73349056110408,-31.934,115.784,AU,N,996,18.6270118252984,grass,94,4,0.93,32.2,4.8,0.448585526315789,3,cacl2,unknown,,,150,1,unknown,AS
1,0.19,-1.66073120682165,-31.934,115.784,AU,N,996,18.6270118252984,grass,94,4,0.93,32.2,4.8,0.448585526315789,3,cacl2,unknown,,,150,1,unknown,AS
1,0.39,-0.941608539858445,-31.934,115.784,AU,N,996,18.6270118252984,grass,94,4,0.93,32.2,4.8,0.448585526315789,3,cacl2,unknown,,,50,1,unknown,AS
1,0.165,-1.80180980508156,-31.934,115.784,AU,N,996,18.6270118252984,grass,94,4,0.93,32.2,4.8,0.448585526315789,3,cacl2,unknown,,,100,1,unknown,AS
1,0.176666666666667,-1.73349056110408,-31.934,115.784,AU,N,996,18.6270118252984,grass,94,4,0.93,32.2,4.8,0.448585526315789,3,cacl2,unknown,,,150,1,unknown,AS
1,0.57,-0.562118918153541,-31.934,115.784,AU,N,996,18.6270118252984,grass,94,4,0.93,32.2,4.8,0.448585526315789,3,cacl2,unknown,,,50,1,unknown,AS
1,0.385,-0.954511944694353,-31.934,115.784,AU,N,996,18.6270118252984,grass,94,4,0.93,32.2,4.8,0.448585526315789,3,cacl2,unknown,,,100,1,unknown,AS
1,0.136666666666667,-1.99021040795189,-31.934,115.784,AU,N,996,18.6270118252984,grass,94,4,0.93,32.2,4.8,0.448585526315789,3,cacl2,unknown,,,150,1,unknown,AS
1,0.002,-6.21460809842219,-31.934,115.784,AU,N,628,18.6270118252984,grass,94,4,0.93,32.2,4.8,0.448585526315789,3,cacl2,unknown,,,50,1,unknown,AS
1,0.003,-5.80914299031403,-31.934,115.784,AU,N,628,18.6270118252984,grass,94,4,0.93,32.2,4.8,0.448585526315789,3,cacl2,unknown,,,100,1,unknown,AS
1,0,-6.90775527898214,-31.934,115.784,AU,N,628,18.6270118252984,grass,94,4,0.93,32.2,4.8,0.448585526315789,3,cacl2,unknown,,,150,1,unknown,AS
1,-0.000666666666666667,-6.90775527898214,-31.934,115.784,AU,N,628,18.6270118252984,grass,94,4,0.93,32.2,4.8,0.448585526315789,3,cacl2,unknown,,,150,1,unknown,AS
1,0.002,-6.21460809842219,-31.934,115.784,AU,N,628,18.6270118252984,grass,94,4,0.93,32.2,4.8,0.448585526315789,3,cacl2,unknown,,,50,1,unknown,AS
1,0.002,-6.21460809842219,-31.934,115.784,AU,N,628,18.6270118252984,grass,94,4,0.93,32.2,4.8,0.448585526315789,3,cacl2,unknown,,,100,1,unknown,AS
1,0.000666666666666667,-6.90775527898214,-31.934,115.784,AU,N,628,18.6270118252984,grass,94,4,0.93,32.2,4.8,0.448585526315789,3,cacl2,unknown,,,150,1,unknown,AS
1,0.002,-6.21460809842219,-31.934,115.784,AU,N,628,18.6270118252984,grass,94,4,0.93,32.2,4.8,0.448585526315789,3,cacl2,unknown,,,50,1,unknown,AS
1,0.005,-5.29831736654804,-31.934,115.784,AU,N,628,18.6270118252984,grass,94,4,0.93,32.2,4.8,0.448585526315789,3,cacl2,unknown,,,100,1,unknown,AS
1,-0.002,-6.90775527898214,-31.934,115.784,AU,N,628,18.6270118252984,grass,94,4,0.93,32.2,4.8,0.448585526315789,3,cacl2,unknown,,,150,1,unknown,AS
1,0.37,-0.994252273343867,-31.934,115.784,AU,N,996,18.6270118252984,grass,94,4,0.93,32.2,4.8,0.448585526315789,3,cacl2,unknown,,,50,1,unknown,AS
1,0.225,-1.49165487677772,-31.934,115.784,AU,N,996,18.6270118252984,grass,94,4,0.93,32.2,4.8,0.448585526315789,3,cacl2,unknown,,,100,1,unknown,AS
1,0.15,-1.89711998488588,-31.934,115.784,AU,N,996,18.6270118252984,grass,94,4,0.93,32.2,4.8,0.448585526315789,3,cacl2,unknown,,,150,1,unknown,AS
1,0.216666666666667,-1.52939520476056,-31.934,115.784,AU,N,996,18.6270118252984,grass,94,4,0.93,32.2,4.8,0.448585526315789,3,cacl2,unknown,,,150,1,unknown,AS
1,0.53,-0.63487827243597,-31.934,115.784,AU,N,996,18.6270118252984,grass,94,4,0.93,32.2,4.8,0.448585526315789,3,cacl2,unknown,,,50,1,unknown,AS
1,0.235,-1.44816976483798,-31.934,115.784,AU,N,996,18.6270118252984,grass,94,4,0.93,32.2,4.8,0.448585526315789,3,cacl2,unknown,,,100,1,unknown,AS
1,0.203333333333333,-1.59290861048289,-31.934,115.784,AU,N,996,18.6270118252984,grass,94,4,0.93,32.2,4.8,0.448585526315789,3,cacl2,unknown,,,150,1,unknown,AS
1,0.61,-0.49429632181478,-31.934,115.784,AU,N,996,18.6270118252984,grass,94,4,0.93,32.2,4.8,0.448585526315789,3,cacl2,unknown,,,50,1,unknown,AS
1,0.235,-1.44816976483798,-31.934,115.784,AU,N,996,18.6270118252984,grass,94,4,0.93,32.2,4.8,0.448585526315789,3,cacl2,unknown,,,100,1,unknown,AS
1,0.09,-2.40794560865187,-31.934,115.784,AU,N,996,18.6270118252984,grass,94,4,0.93,32.2,4.8,0.448585526315789,3,cacl2,unknown,,,150,1,unknown,AS
1,0,-6.90775527898214,-31.934,115.784,AU,N,628,18.6270118252984,grass,94,4,0.93,32.2,4.8,0.448585526315789,3,cacl2,unknown,,,50,1,unknown,AS
1,0,-6.90775527898214,-31.934,115.784,AU,N,628,18.6270118252984,grass,94,4,0.93,32.2,4.8,0.448585526315789,3,cacl2,unknown,,,100,1,unknown,AS
1,-0.000666666666666667,-6.90775527898214,-31.934,115.784,AU,N,628,18.6270118252984,grass,94,4,0.93,32.2,4.8,0.448585526315789,3,cacl2,unknown,,,150,1,unknown,AS
1,-0.00133333333333333,-6.90775527898214,-31.934,115.784,AU,N,628,18.6270118252984,grass,94,4,0.93,32.2,4.8,0.448585526315789,3,cacl2,unknown,,,150,1,unknown,AS
1,0,-6.90775527898214,-31.934,115.784,AU,N,628,18.6270118252984,grass,94,4,0.93,32.2,4.8,0.448585526315789,3,cacl2,unknown,,,50,1,unknown,AS
1,0,-6.90775527898214,-31.934,115.784,AU,N,628,18.6270118252984,grass,94,4,0.93,32.2,4.8,0.448585526315789,3,cacl2,unknown,,,100,1,unknown,AS
1,-0.000666666666666667,-6.90775527898214,-31.934,115.784,AU,N,628,18.6270118252984,grass,94,4,0.93,32.2,4.8,0.448585526315789,3,cacl2,unknown,,,150,1,unknown,AS
1,-0.004,-6.90775527898214,-31.934,115.784,AU,N,628,18.6270118252984,grass,94,4,0.93,32.2,4.8,0.448585526315789,3,cacl2,unknown,,,50,1,unknown,AS
1,-0.001,-6.90775527898214,-31.934,115.784,AU,N,628,18.6270118252984,grass,94,4,0.93,32.2,4.8,0.448585526315789,3,cacl2,unknown,,,100,1,unknown,AS
1,0.00866666666666667,-4.74827102962876,-31.934,115.784,AU,N,628,18.6270118252984,grass,94,4,0.93,32.2,4.8,0.448585526315789,3,cacl2,unknown,,,150,1,unknown,AS
2,0.83,-0.186329578191494,59.85,17.66,EU,G,537.472422961531,6.68534495234061,cereal,25,15,2.82,375,6.1,1.3,6,water,unknown,unknown,,100,1,unknown,AS
2,0.67,-0.400477566597125,59.85,17.66,EU,G,537.472422961531,6.68534495234061,cereal,25,15,2.82,375,6.1,1.3,6,water,unknown,unknown,,100,1,unknown,AS
2,0.55,-0.597837000755621,59.85,17.66,EU,G,537.472422961531,6.68534495234061,cereal,25,15,2.82,375,6.1,1.3,6,water,unknown,unknown,,100,1,unknown,AS
2,-0.04,-6.90775527898214,59.85,17.66,EU,G,537.472422961531,6.68534495234061,cereal,25,15,2.82,375,6.1,1.3,6,water,unknown,unknown,,100,1,unknown,AS
2,0.09,-2.40794560865187,59.85,17.66,EU,G,537.472422961531,6.68534495234061,cereal,25,15,2.82,375,6.1,1.3,6,water,unknown,unknown,,100,1,unknown,AS
2,-0.06,-6.90775527898214,59.85,17.66,EU,G,537.472422961531,6.68534495234061,cereal,25,15,2.82,375,6.1,1.3,6,water,unknown,unknown,,100,1,unknown,AS
2,0.32,-1.13943428318836,59.85,17.66,EU,G,537.472422961531,6.68534495234061,cereal,25,15,2.82,375,6.1,1.3,6,water,unknown,unknown,,100,1,unknown,AS
2,0.01,-4.60517018598809,59.85,17.66,EU,G,537.472422961531,6.68534495234061,cereal,25,15,2.82,375,6.1,1.3,6,water,unknown,unknown,,100,1,unknown,AS
2,0.06,-2.81341071676004,59.85,17.66,EU,G,537.472422961531,6.68534495234061,cereal,25,15,2.82,375,6.1,1.3,6,water,unknown,unknown,,100,1,unknown,AS
3,0.0764556962025316,-2.5710438405203,42.4,-85.3,NAm,H,726.729,9.98275882915604,cereal,40,17.5,1.3,180,4.6,1.5,5,water,unknown,,,158,3,unknown,AS
3,0.120284090909091,-2.11789890989138,42.4,-85.3,NAm,H,1031.78,9.98275882915604,cereal,40,17.5,1.3,180,4.6,1.5,5,water,unknown,,,176,3,unknown,AS
3,0.195348837209302,-1.63296840984429,42.4,-85.3,NAm,H,1125.98,9.98275882915604,cereal,40,17.5,1.3,180,4.6,1.5,5,water,unknown,,,172,3,unknown,AS
3,0.294252873563218,-1.22331576716907,42.4,-85.3,NAm,H,919.626,9.98275882915604,cereal,40,17.5,1.3,180,4.6,1.5,5,water,unknown,,,174,3,unknown,AS
3,0.121387283236994,-2.10876915677436,42.4,-85.3,NAm,H,942.056,9.98275882915604,cereal,40,17.5,1.3,180,4.6,1.5,5,water,unknown,,,173,3,unknown,AS
3,0.228571428571429,-1.47590651980958,42.4,-85.3,NAm,H,917.383,9.98275882915604,cereal,40,17.5,1.3,180,4.6,1.5,5,water,unknown,,,168,3,unknown,AS
3,0.358720930232558,-1.02521054590211,42.4,-85.3,NAm,H,1175.33,9.98275882915604,cereal,40,17.5,1.3,180,4.6,1.5,5,water,unknown,,,172,3,unknown,AS
3,0.671428571428572,-0.3983476403393,42.4,-85.3,NAm,H,1031.78,9.98275882915604,grass,40,17.5,1.3,180,4.6,1.5,5,water,unknown,,,56,1,unknown,AS
3,0.121428571428571,-2.10842907855309,42.4,-85.3,NAm,H,1125.98,9.98275882915604,grass,40,17.5,1.3,180,4.6,1.5,5,water,unknown,,,56,1,unknown,AS
3,0.0392857142857143,-3.23689433037088,42.4,-85.3,NAm,H,919.626,9.98275882915604,grass,40,17.5,1.3,180,4.6,1.5,5,water,unknown,,,56,1,unknown,AS
3,0.129824561403509,-2.04157126762443,42.4,-85.3,NAm,H,942.056,9.98275882915604,grass,40,17.5,1.3,180,4.6,1.5,5,water,unknown,,,57,1,unknown,AS
3,0.0368421052631579,-3.30111392310517,42.4,-85.3,NAm,H,917.383,9.98275882915604,grass,40,17.5,1.3,180,4.6,1.5,5,water,unknown,,,57,1,unknown,AS
3,0.0280701754385965,-3.57304763858881,42.4,-85.3,NAm,H,1175.33,9.98275882915604,grass,40,17.5,1.3,180,4.6,1.5,5,water,unknown,,,57,1,unknown,AS
3,0.296103896103896,-1.21704488589329,42.4,-85.3,NAm,H,726.729,9.98275882915604,grass,40,17.5,1.3,180,4.6,1.5,5,water,unknown,,,77,1,unknown,AS
3,0.2125,-1.54881329061767,42.4,-85.3,NAm,H,1031.78,9.98275882915604,grass,40,17.5,1.3,180,4.6,1.5,5,water,unknown,,,56,1,unknown,AS
3,0.0907894736842105,-2.39921192868312,42.4,-85.3,NAm,H,1125.98,9.98275882915604,grass,40,17.5,1.3,180,4.6,1.5,5,water,unknown,,,76,1,unknown,AS
3,0.0631578947368421,-2.76211742237249,42.4,-85.3,NAm,H,942.056,9.98275882915604,grass,40,17.5,1.3,180,4.6,1.5,5,water,unknown,,,57,1,unknown,AS
3,0.0456140350877193,-3.08753982280711,42.4,-85.3,NAm,H,917.383,9.98275882915604,grass,40,17.5,1.3,180,4.6,1.5,5,water,unknown,,,57,1,unknown,AS
3,0.0403508771929825,-3.21014214489945,42.4,-85.3,NAm,H,1175.33,9.98275882915604,grass,40,17.5,1.3,180,4.6,1.5,5,water,unknown,,,57,1,unknown,AS
3,0.0232142857142857,-3.76298742626766,42.4,-85.3,NAm,H,1031.78,9.98275882915604,grass,40,17.5,1.3,180,4.6,1.5,5,water,unknown,,,56,1,unknown,AS
3,0.0946428571428571,-2.35764487017707,42.4,-85.3,NAm,H,1125.98,9.98275882915604,grass,40,17.5,1.3,180,4.6,1.5,5,water,unknown,,,56,1,unknown,AS
3,0.28,-1.27296567581289,42.4,-85.3,NAm,H,919.626,9.98275882915604,grass,40,17.5,1.3,180,4.6,1.5,5,water,unknown,,,20,1,unknown,AS
3,0.0350877192982456,-3.34990408727461,42.4,-85.3,NAm,H,942.056,9.98275882915604,grass,40,17.5,1.3,180,4.6,1.5,5,water,unknown,,,57,1,unknown,AS
3,0.0087719298245614,-4.7361984483945,42.4,-85.3,NAm,H,917.383,9.98275882915604,grass,40,17.5,1.3,180,4.6,1.5,5,water,unknown,,,57,1,unknown,AS
3,0.0228070175438597,-3.78068700336706,42.4,-85.3,NAm,H,1175.33,9.98275882915604,grass,40,17.5,1.3,180,4.6,1.5,5,water,unknown,,,57,1,unknown,AS
4,0.203,-1.59454929994035,48.91,-89.68,NAm,G,297,1.70775862277924,other,85,7.5,0.1,342,5.4,1.02,4,water,unknown,,,145,1,unknown,O
4,0.38,-0.967584026261706,48.91,-89.68,NAm,G,297,1.70775862277924,other,85,7.5,0.1,342,5.4,1.02,4,water,unknown,,,425,2,unknown,AS
4,0.119,-2.12863178587061,48.91,-89.68,NAm,G,297,1.70775862277924,other,85,7.5,0.1,342,5.4,1.02,4,water,unknown,,,425,2,unknown,UC
4,0.19,-1.66073120682165,48.91,-89.68,NAm,G,297,1.70775862277924,other,85,7.5,0.1,342,5.4,1.02,4,water,unknown,,,425,2,unknown,UC
4,0.251,-1.38230233985035,48.91,-89.68,NAm,G,297,1.70775862277924,other,85,7.5,0.1,342,5.4,1.02,4,water,unknown,,,425,2,unknown,UC
4,0.247,-1.39836694235416,48.91,-89.68,NAm,G,607,1.70775862277924,other,85,7.5,0.1,342,5.4,1.02,4,water,unknown,,,289,2,unknown,O
4,0.457,-0.783071888087932,48.91,-89.68,NAm,G,607,1.70775862277924,other,85,7.5,0.1,342,5.4,1.02,4,water,unknown,,,569,2,unknown,AS
4,0.311,-1.1679623668029,48.91,-89.68,NAm,G,607,1.70775862277924,other,85,7.5,0.1,342,5.4,1.02,4,water,unknown,,,569,2,unknown,UC
4,0.43,-0.843970070294529,48.91,-89.68,NAm,G,607,1.70775862277924,other,85,7.5,0.1,342,5.4,1.02,4,water,unknown,,,569,2,unknown,UC
4,0.233,-1.45671682541644,48.91,-89.68,NAm,G,607,1.70775862277924,other,85,7.5,0.1,342,5.4,1.02,4,water,unknown,,,569,2,unknown,UC
4,0.299,-1.20731170559145,44.02,-89.6,NAm,H,267,6.95086216932998,other,85,7.5,0.1,146,5.5,1.37,4,water,unknown,,,280,2,unknown,AS
4,0.261,-1.34323487165944,44.02,-89.6,NAm,H,267,6.95086216932998,other,85,7.5,0.1,146,5.5,1.37,4,water,unknown,,,280,2,unknown,UC
4,0.241,-1.42295834549148,44.02,-89.6,NAm,H,267,6.95086216932998,other,85,7.5,0.1,146,5.5,1.37,4,water,unknown,,,280,2,unknown,UC
4,0.348,-1.05555279920766,44.02,-89.6,NAm,H,267,6.95086216932998,other,85,7.5,0.1,146,5.5,1.37,4,water,unknown,,,280,2,unknown,UC
5,0.144166666666667,-1.93678524127831,43.6667,10.3167,EU,K,731,14.9,cereal,68.5,5.6,1,320,7,1.3,2,water,unknown,unknown,,180,3,unknown,UC
5,0.129444444444444,-2.04450349031856,43.6667,10.3167,EU,K,731,14.9,cereal,68.5,5.6,1,320,7,1.3,2,water,unknown,unknown,,180,3,unknown,UC
5,0.155555555555556,-1.86075234071501,43.6667,10.3167,EU,K,731,14.9,cereal,68.5,5.6,1,320,7,1.3,2,water,unknown,unknown,,180,3,unknown,UC
5,0.155,-1.86433016206289,43.6667,10.3167,EU,K,731,14.9,cereal,68.5,5.6,1,320,7,1.3,2,water,unknown,unknown,,180,3,unknown,UC
5,0.202222222222222,-1.59838807624752,43.6667,10.3167,EU,K,731,14.9,cereal,68.5,5.6,1,320,7,1.3,2,water,unknown,unknown,,180,3,unknown,UC
5,0.208333333333333,-1.56861591791385,43.6667,10.3167,EU,K,731,14.9,cereal,68.5,5.6,1,320,7,1.3,2,water,unknown,unknown,,180,3,unknown,UC
5,0.0866666666666667,-2.44568593663472,43.6667,10.3167,EU,K,731,14.9,cereal,68.5,5.6,1,320,7,1.3,2,water,unknown,unknown,,180,3,unknown,UC
5,0.0838888888888889,-2.47826210706933,43.6667,10.3167,EU,K,731,14.9,cereal,68.5,5.6,1,320,7,1.3,2,water,unknown,unknown,,180,3,unknown,UC
5,0.133333333333333,-2.01490302054226,43.6667,10.3167,EU,K,731,14.9,cereal,68.5,5.6,1,320,7,1.3,2,water,unknown,unknown,,180,3,unknown,UC
5,0.128888888888889,-2.04880457221795,43.6667,10.3167,EU,K,731,14.9,cereal,68.5,5.6,1,320,7,1.3,2,water,unknown,unknown,,180,3,unknown,UC
5,0.167777777777778,-1.78511492650939,43.6667,10.3167,EU,K,731,14.9,cereal,68.5,5.6,1,320,7,1.3,2,water,unknown,unknown,,180,3,unknown,UC
6,0.171111111111111,-1.76544216091068,43.6667,10.3167,EU,K,731,14.9,cereal,68.5,5.6,1,320,7,1.3,2,water,unknown,unknown,,180,3,unknown,UC
7,0.569583333333333,-0.562850179612087,22.708333,47.633333,SAm,Q,615,21.1,cereal,79,18,0.43,203,4.1,1.65,4,cacl2,unknown,unknown,,120,2,broadcast,AS
7,0.79675,-0.227214325684691,22.708333,47.633333,SAm,Q,615,21.1,cereal,79,18,0.43,203,4.1,1.65,4,cacl2,unknown,unknown,,120,2,broadcast,AS
7,0.00516666666666667,-5.26552754372505,22.708333,47.633333,SAm,Q,146.5,21.1,cereal,79,18,0.43,203,4.1,1.65,4,cacl2,unknown,unknown,,120,2,broadcast,AS
7,0.022,-3.81671282562382,22.708333,47.633333,SAm,Q,146.5,21.1,cereal,79,18,0.43,203,4.1,1.65,4,cacl2,unknown,unknown,,120,2,broadcast,AS
7,0.191833333333333,-1.65112833948831,22.708333,47.633333,SAm,Q,656.4,21.1,cereal,79,18,0.43,203,4.1,1.65,4,cacl2,unknown,unknown,,120,2,broadcast,AS
7,0.236416666666667,-1.44215949396129,22.708333,47.633333,SAm,Q,656.4,21.1,cereal,79,18,0.43,203,4.1,1.65,4,cacl2,unknown,unknown,,120,2,broadcast,AS
8,0.0363636363636364,-3.31418600467253,46.835664,-100.894637,AS,H,438.934491305515,5.41436792749526,cereal,65,10,4.02661246612466,13,6.5,1.19991869918699,4,water,unknown,unknown,,55,1,broadcast,AS
8,0.145454545454545,-1.92789164355264,46.835664,-100.894637,AS,H,438.934491305515,5.41436792749526,cereal,65,10,4.02661246612466,13,6.5,1.19991869918699,4,water,unknown,unknown,,55,1,broadcast,AS
8,0.0363636363636364,-3.31418600467253,46.835664,-100.894637,AS,H,438.934491305515,5.41436792749526,cereal,65,10,4.02661246612466,13,6.5,1.19991869918699,4,water,unknown,unknown,,110,1,broadcast,AS
8,0.581818181818182,-0.541597282432744,46.835664,-100.894637,AS,H,438.934491305515,5.41436792749526,cereal,65,10,4.02661246612466,13,6.5,1.19991869918699,4,water,unknown,unknown,,110,1,broadcast,AS
8,0.145454545454545,-1.92789164355264,46.835664,-100.894637,AS,H,438.934491305515,5.41436792749526,cereal,65,10,4.02661246612466,13,6.5,1.19991869918699,4,water,unknown,unknown,,55,1,broadcast,AN
8,0.254545454545455,-1.36827585561721,46.835664,-100.894637,AS,H,438.934491305515,5.41436792749526,cereal,65,10,4.02661246612466,13,6.5,1.19991869918699,4,water,unknown,unknown,,55,1,broadcast,AN
8,0.154545454545455,-1.8672670217362,46.835664,-100.894637,AS,H,438.934491305515,5.41436792749526,cereal,65,10,4.02661246612466,13,6.5,1.19991869918699,4,water,unknown,unknown,,110,1,broadcast,AN
8,0.718181818181818,-0.331032513325395,46.835664,-100.894637,AS,H,438.934491305515,5.41436792749526,cereal,65,10,4.02661246612466,13,6.5,1.19991869918699,4,water,unknown,unknown,,110,1,broadcast,AN
8,0.0727272727272727,-2.62103882411258,46.835664,-100.894637,AS,H,438.934491305515,5.41436792749526,cereal,65,10,4.02661246612466,13,6.5,1.19991869918699,4,water,unknown,unknown,,55,1,broadcast,AN
8,0.8,-0.22314355131421,46.835664,-100.894637,AS,H,438.934491305515,5.41436792749526,cereal,65,10,4.02661246612466,13,6.5,1.19991869918699,4,water,unknown,unknown,,55,1,broadcast,AN
8,0.0636363636363636,-2.7545702167371,46.835664,-100.894637,AS,H,438.934491305515,5.41436792749526,cereal,65,10,4.02661246612466,13,6.5,1.19991869918699,4,water,unknown,unknown,,110,1,broadcast,AN
8,1,0,46.835664,-100.894637,AS,H,438.934491305515,5.41436792749526,cereal,65,10,4.02661246612466,13,6.5,1.19991869918699,4,water,unknown,unknown,,110,1,broadcast,AN
8,0.0363636363636364,-3.31418600467253,46.835664,-100.894637,AS,H,438.934491305515,5.41436792749526,cereal,65,10,4.02661246612466,13,6.5,1.19991869918699,4,water,unknown,unknown,,55,1,broadcast,U
8,0.109090909090909,-2.21557371600442,46.835664,-100.894637,AS,H,438.934491305515,5.41436792749526,cereal,65,10,4.02661246612466,13,6.5,1.19991869918699,4,water,unknown,unknown,,55,1,broadcast,U
8,0.0272727272727273,-3.60186807712431,46.835664,-100.894637,AS,H,438.934491305515,5.41436792749526,cereal,65,10,4.02661246612466,13,6.5,1.19991869918699,4,water,unknown,unknown,,110,1,broadcast,U
8,1,0,46.835664,-100.894637,AS,H,438.934491305515,5.41436792749526,cereal,65,10,4.02661246612466,13,6.5,1.19991869918699,4,water,unknown,unknown,,110,1,broadcast,U
8,0.0363636363636364,-3.31418600467253,46.835664,-100.894637,AS,H,438.934491305515,5.41436792749526,grass,65,10,4.02661246612466,13,6.5,1.19991869918699,4,water,unknown,unknown,,55,1,unknown,AS
8,0.0727272727272727,-2.62103882411258,46.835664,-100.894637,AS,H,438.934491305515,5.41436792749526,grass,65,10,4.02661246612466,13,6.5,1.19991869918699,4,water,unknown,unknown,,55,1,unknown,AS
8,0.0545454545454545,-2.90872089656436,46.835664,-100.894637,AS,H,438.934491305515,5.41436792749526,grass,65,10,4.02661246612466,13,6.5,1.19991869918699,4,water,unknown,unknown,,110,1,unknown,AS
8,0.0909090909090909,-2.39789527279837,46.835664,-100.894637,AS,H,438.934491305515,5.41436792749526,grass,65,10,4.02661246612466,13,6.5,1.19991869918699,4,water,unknown,unknown,,110,1,unknown,AS
8,0,-6.90775527898214,46.835664,-100.894637,AS,H,438.934491305515,5.41436792749526,grass,65,10,4.02661246612466,13,6.5,1.19991869918699,4,water,unknown,unknown,,55,1,unknown,AN
8,0.0727272727272727,-2.62103882411258,46.835664,-100.894637,AS,H,438.934491305515,5.41436792749526,grass,65,10,4.02661246612466,13,6.5,1.19991869918699,4,water,unknown,unknown,,55,1,unknown,AN
8,0,-6.90775527898214,46.835664,-100.894637,AS,H,438.934491305515,5.41436792749526,grass,65,10,4.02661246612466,13,6.5,1.19991869918699,4,water,unknown,unknown,,110,1,unknown,AN
8,0.0909090909090909,-2.39789527279837,46.835664,-100.894637,AS,H,438.934491305515,5.41436792749526,grass,65,10,4.02661246612466,13,6.5,1.19991869918699,4,water,unknown,unknown,,110,1,unknown,AN
8,0.0181818181818182,-4.00733318523247,46.835664,-100.894637,AS,H,438.934491305515,5.41436792749526,grass,65,10,4.02661246612466,13,6.5,1.19991869918699,4,water,unknown,unknown,,55,1,unknown,AN
8,0.145454545454545,-1.92789164355264,46.835664,-100.894637,AS,H,438.934491305515,5.41436792749526,grass,65,10,4.02661246612466,13,6.5,1.19991869918699,4,water,unknown,unknown,,55,1,unknown,AN
8,0.0363636363636364,-3.31418600467253,46.835664,-100.894637,AS,H,438.934491305515,5.41436792749526,grass,65,10,4.02661246612466,13,6.5,1.19991869918699,4,water,unknown,unknown,,110,1,unknown,AN
8,0.172727272727273,-1.75604138662598,46.835664,-100.894637,AS,H,438.934491305515,5.41436792749526,grass,65,10,4.02661246612466,13,6.5,1.19991869918699,4,water,unknown,unknown,,110,1,unknown,AN
8,0.0181818181818182,-4.00733318523247,46.835664,-100.894637,AS,H,438.934491305515,5.41436792749526,grass,65,10,4.02661246612466,13,6.5,1.19991869918699,4,water,unknown,unknown,,55,1,unknown,U
8,0.0727272727272727,-2.62103882411258,46.835664,-100.894637,AS,H,438.934491305515,5.41436792749526,grass,65,10,4.02661246612466,13,6.5,1.19991869918699,4,water,unknown,unknown,,55,1,unknown,U
8,0.0545454545454545,-2.90872089656436,46.835664,-100.894637,AS,H,438.934491305515,5.41436792749526,grass,65,10,4.02661246612466,13,6.5,1.19991869918699,4,water,unknown,unknown,,110,1,unknown,U
8,0.0909090909090909,-2.39789527279837,46.835664,-100.894637,AS,H,438.934491305515,5.41436792749526,grass,65,10,4.02661246612466,13,6.5,1.19991869918699,4,water,unknown,unknown,,110,1,unknown,U
9,0.000460959548447789,-6.90775527898214,32.248814,-110.987419,NAm,N,361.465523757298,19.5,grass,81,17.1765886287625,1.08678929765886,159.678929765886,6.2,1.1,4,water,unknown,,,1063,2,unknown,U
9,0.000931326434619003,-6.90775527898214,32.248814,-110.987419,NAm,N,361.465523757298,19.5,grass,81,17.1765886287625,1.08678929765886,159.678929765886,6.2,1.1,4,water,unknown,,,1063,2,unknown,U
9,0.00271872060206961,-5.90759387621761,32.248814,-110.987419,NAm,N,361.465523757298,19.5,grass,81,17.1765886287625,1.08678929765886,159.678929765886,6.2,1.1,4,water,unknown,,,1063,2,unknown,O
9,0.00344308560677328,-5.67138723092867,32.248814,-110.987419,NAm,N,361.465523757298,19.5,grass,81,17.1765886287625,1.08678929765886,159.678929765886,6.2,1.1,4,water,unknown,,,1063,2,unknown,O
9,0.00191909689557855,-6.25590057048582,32.248814,-110.987419,NAm,N,361.465523757298,19.5,grass,81,17.1765886287625,1.08678929765886,159.678929765886,6.2,1.1,4,water,unknown,,,1063,2,unknown,AN
9,0.0038758231420508,-5.55299721498051,32.248814,-110.987419,NAm,N,361.465523757298,19.5,grass,81,17.1765886287625,1.08678929765886,159.678929765886,6.2,1.1,4,water,unknown,,,1063,2,unknown,AN
9,0.000667920978363123,-6.90775527898214,32.248814,-110.987419,NAm,N,361.465523757298,19.5,grass,81,17.1765886287625,1.08678929765886,159.678929765886,6.2,1.1,4,water,unknown,,,1063,2,unknown,AS
9,0.000536218250235183,-6.90775527898214,32.248814,-110.987419,NAm,N,361.465523757298,19.5,grass,81,17.1765886287625,1.08678929765886,159.678929765886,6.2,1.1,4,water,unknown,,,1063,2,unknown,AS
9,0.000555032925682032,-6.90775527898214,32.248814,-110.987419,NAm,N,361.465523757298,19.5,grass,81,17.1765886287625,1.08678929765886,159.678929765886,6.2,1.1,4,water,unknown,,,1063,2,broadcast,U
9,0.000526810912511759,-6.90775527898214,32.248814,-110.987419,NAm,N,361.465523757298,19.5,grass,81,17.1765886287625,1.08678929765886,159.678929765886,6.2,1.1,4,water,unknown,,,1063,2,broadcast,U
9,0.000865475070555033,-6.90775527898214,32.248814,-110.987419,NAm,N,361.465523757298,19.5,grass,81,17.1765886287625,1.08678929765886,159.678929765886,6.2,1.1,4,water,unknown,,,1063,2,broadcast,U
9,0.00083725305738476,-6.90775527898214,32.248814,-110.987419,NAm,N,361.465523757298,19.5,grass,81,17.1765886287625,1.08678929765886,159.678929765886,6.2,1.1,4,water,unknown,,,1063,2,broadcast,U
9,0.000861111111111111,-6.90775527898214,32.248814,-110.987419,NAm,N,361.465523757298,19.5,grass,81,17.1765886287625,1.08678929765886,159.678929765886,6.2,1.1,8,water,unknown,unknown,,360,1,unknown,U
9,0.0289444444444444,-3.54237699512494,32.248814,-110.987419,NAm,N,361.465523757298,19.5,grass,81,17.1765886287625,1.08678929765886,159.678929765886,6.2,1.1,8,water,unknown,unknown,,360,1,unknown,O
9,0.04225,-3.16415092517895,32.248814,-110.987419,NAm,N,361.465523757298,19.5,grass,81,17.1765886287625,1.08678929765886,159.678929765886,6.2,1.1,8,water,unknown,unknown,,360,1,unknown,AN
9,0.00186111111111111,-6.28658159804728,32.248814,-110.987419,NAm,N,361.465523757298,19.5,grass,81,17.1765886287625,1.08678929765886,159.678929765886,6.2,1.1,8,water,unknown,unknown,,360,1,unknown,AS
9,0.00102777777777778,-6.88035630479402,32.248814,-110.987419,NAm,N,361.465523757298,19.5,grass,81,17.1765886287625,1.08678929765886,159.678929765886,6.2,1.1,8,water,unknown,unknown,,360,1,unknown,U
9,0.00347222222222222,-5.66296048013595,32.248814,-110.987419,NAm,N,361.465523757298,19.5,grass,81,17.1765886287625,1.08678929765886,159.678929765886,6.2,1.1,8,water,unknown,unknown,,360,1,unknown,U
10,0.00587756991415094,-5.13661188240158,59.814947,17.6628688,EU,G,537.472422961531,17.5,grass,91.7,3.1,13.24,344,4.6,0.85,4,water,unknown,,,29,3,unknown,O
10,1.20330301156937e-05,-6.90775527898214,59.814947,17.6628688,EU,G,537.472422961531,17.5,grass,91.7,3.1,13.24,344,4.6,0.85,4,water,unknown,,,80,3,unknown,AS
10,0.0235102796566037,-3.75031752128169,59.814947,17.6628688,EU,G,537.472422961531,17.5,grass,91.7,3.1,13.24,344,4.6,0.85,4,water,unknown,,,29,3,unknown,O
10,1.20330301156937e-05,-6.90775527898214,59.814947,17.6628688,EU,G,537.472422961531,17.5,grass,91.7,3.1,13.24,344,4.6,0.85,4,water,unknown,,,80,3,unknown,AS
10,0.105796258454717,-2.24624012450542,59.814947,17.6628688,EU,G,537.472422961531,17.5,other,91.7,3.1,13.24,344,4.6,0.85,4,water,unknown,,,29,3,unknown,O
10,2.40660602313874e-05,-6.90775527898214,59.814947,17.6628688,EU,G,537.472422961531,17.5,other,91.7,3.1,13.24,344,4.6,0.85,4,water,unknown,,,80,3,unknown,AS
10,0.37616447450566,-0.97772879904191,59.814947,17.6628688,EU,G,537.472422961531,17.5,other,91.7,3.1,13.24,344,4.6,0.85,4,water,unknown,,,29,3,unknown,O
10,6.01651505784686e-05,-6.90775527898214,59.814947,17.6628688,EU,G,537.472422961531,17.5,other,91.7,3.1,13.24,344,4.6,0.85,4,water,unknown,,,80,3,unknown,AS
